1,plantaelectrica-G5B1.PNG,PLANTA ELECTRICA,CATERPILLAR,G5B00500,N.I,MEQ00091,159,5,PLANTA ELECTRICA-G5B00500.xlsx,N.I,N.I,1200KVA,1,N.I,1,12/10/2019
2,plantaelectrica-G5B.PNG,PLANTA ELECTRICA,CATERPILLAR,AFN00740,N.I,208336,160,5,PLANTA ELECTRICA-AFN00740.xlsx,N.I,N.I,1000KVA,1,N.I,1,12/10/2019
3,plantaelectrica-lovol1.PNG,PLANTA ELECTRICA,LOVOL,DG100YM200A,N.I,,161,5,PLANTA ELECTRICA-DG100YM200A.xlsx,N.I,N.I,N.I,1,N.I,1,0000/00/00
4,plantaelectrica-cummins.PNG,PLANTA ELECTRICA,CUMMIS,502FDR8056,N.I,204867,162,5,PLANTA ELECTRICA-502FDR8056.xlsx,N.I,N.I,500KVA,1,N.I,1,0000/00/00
5,transferencia alta.PNG,SUBESTACION DE ALTA TENSION TRANSFERENCIA,TABLESA,N.I,N.I,N.I,69,5,SUBESTACION DE ALTA TENSION TRANSFERENCIA-N.I.xlsx,N.I,N.I,N.I,1,N.I,1,12/10/2019
6,media y baja tension seleccionador.jpg,SUBESTACION DE BAJA Y MEDIA TESION TRANSFERENCIA,TABLESA,N.I,N.I,N.I,163,5,SUBESTACION DE BAJA Y MEDIA TESION TRANSFERENCIA-N.I.xlsx,N.I,N.I,N.I,1,N.I,1,12/10/2019
7,marmita.PNG,MARMITA,ADRIA,200863HUV,N.I,200863,196,3,MARMITA-200863HUV.xlsx,N.I,N.I,N.I,1,N.I,1,0000/00/00
8,marmita.PNG,MARMITA,ADRIA,200864HUV,N.I,200864,196,3,MARMITA-200864HUV.xlsx,N.I,N.I,N.I,1,N.I,1,0000/00/00
9,marmita.PNG,MARMITA,ADRIA,209140HUV,N.I,209140,196,3,MARMITA-209140HUV.xlsx,N.I,N.I,N.I,1,N.I,1,0000/00/00
10,mesaquirurgica.jfif,MESA QUIRURGICA,ALBEE BLANCA,296868,N.I,EMCO0272,201,5,MESA QUIRURGICA-296868.xlsx,N.I,N.I,N.I,1,N.I,1,0000/00/00
11,mesaquirurgica.jfif,MESA QUIRURGICA,MIZUHO,90572991,N.I,EMCO0347,86,5,MESA QUIRURGICA-90572991.xlsx,N.I,N.I,N.I,1,N.I,1,0000/00/00
12,mesaquirurgica.jfif,MESA QUIRURGICA,MIZUHO,90572990,N.I,EMCO0356,91,5,MESA QUIRURGICA-90572990.xlsx,N.I,N.I,N.I,1,N.I,1,0000/00/00
13,mesaquirurgica.jfif,MESA QUIRURGICA,SHAMPAINE,136541,N.I,EMCO0348,94,5,MESA QUIRURGICA-136541.xlsx,N.I,N.I,N.I,1,N.I,1,0000/00/00
14,mesaquirurgica.jfif,MESA QUIRURGICA,AMSCO,411089015,N.I,EMCO0365,101,5,MESA QUIRURGICA-411089015.xlsx,N.I,N.I,N.I,1,N.I,1,0000/00/00
15,mesaquirurgica.jfif,MESA QUIRURGICA,AMSCO,R434094029,N.I,500454,93,5,MESA QUIRURGICA-R434094029.xlsx,N.I,N.I,N.I,1,N.I,1,0000/00/00
16,mesaquirurgica.jfif,MESA QUIRURGICA,AMSCO,405389041,N.I,EMCO0277,88,5,MESA QUIRURGICA-405389041.xlsx,N.I,N.I,N.I,1,N.I,1,0000/00/00
17,mesaquirurgica.jfif,MESA QUIRURGICA,AMSCO,410989036,N.I,EMCO0333,95,5,MESA QUIRURGICA-410989036.xlsx,N.I,N.I,N.I,1,N.I,1,0000/00/00
18,mesaquirurgica.jfif,MESA QUIRURGICA,N.I,N.I,N.I,N.I,108,5,MESA QUIRURGICA-N.I.xlsx,N.I,N.I,N.I,1,N.I,1,0000/00/00
19,mesaquirurgica.jfif,MESA QUIRURGICA,MAQUETT,1059,N.I,EMCO0355,146,5,MESA QUIRURGICA-1059.xlsx,N.I,N.I,N.I,1,N.I,1,0000/00/00
20,mesaquirurgica.jfif,MESA QUIRURGICA,THOMSON INDUSTRIES,260908,N.I,EMCO0301,193,5,MESA QUIRURGICA-260908.xlsx,N.I,N.I,N.I,1,N.I,1,0000/00/00
21,mesaquirurgica.jfif,MESA QUIRURGICA,MAQUETT BETACLASSIC,49,N.I,EMCO0379,193,5,MESA QUIRURGICA-00049.xlsx,N.I,N.I,N.I,1,N.I,1,0000/00/00
22,mesaquirurgica.jfif,MESA QUIRURGICA,BELMONT,ET06G - 0057,N.I,EMCO1882,99,5,MESA QUIRURGICA-ET06G - 0057.xlsx,N.I,N.I,N.I,1,N.I,1,0000/00/00
23,mesaquirurgica.jfif,MESA QUIRURGICA,BELMONT,ET06G - 0058,N.I,EMCO1883,100,5,MESA QUIRURGICA-ET06G - 0058.xlsx,N.I,N.I,N.I,1,N.I,1,0000/00/00
24,autoclave.PNG,AUTOCLAVE,N.I,N.I,N.I,N.I,52,2,AUTOCLAVE-N.I.xlsx,120,N.I,N.I,1,N.I,1,0000/00/00
25,autoclave.PNG,AUTOCLAVE  LABORATORIO CLINICO,N.I,301381,N.I,14596,52,2,AUTOCLAVE – LABORATORIO CLINICO-301381.xlsx,120,N.I,N.I,1,N.I,1,0000/00/00
26,autoclave-sterivap.PNG,AUTOCLAVE  ,BTM,ST-1,N.I,EMCO3881,167,2,AUTOCLAVE – STERI – VAP-ST-1.xlsx,120,N.I,N.I,1,N.I,1,10/5/2019
27,autoclave-sterivap.PNG,AUTOCLAVE  ,BTM,ST-2,N.I,EMCO3885,167,2,AUTOCLAVE – STERI – VAP-ST-2.xlsx,120,N.I,N.I,1,N.I,1,11/5/2019
28,autoclave-sterivap.PNG,AUTOCLAVE  ,BTM,ST-3,N.I,EMCO3892,167,2,AUTOCLAVE – STERI – VAP-ST-3.xlsx,120,N.I,N.I,1,N.I,1,9/5/2019
29,autoclave-sterivap.PNG,AUTOCLAVE  ,BTM,ST-4,N.I,EMCO3893,167,2,AUTOCLAVE – STERI – VAP-ST-4.xlsx,120,N.I,N.I,1,N.I,1,9/5/2019
30,autoclavematachana1.PNG,AUTOCLAVE  ,matachana,124768,21ed,N.I,16,2,AUTOCLAVE-1247681.xlsx,120,3.74,,3,135.4,1,11/8/2019
31,autoclave-sterivap.PNG,AUTOCLAVE  ,BTM,ST-5,N.I,EMCO3896,104,2,AUTOCLAVE – SALA DE OPERACIONES 4 PISO-ST-5.xlsx,120,N.I,N.I,1,N.I,1,22/06/2019
32,cuarto-frio.png,CUARTO FRIO,N.I,163CJO1BTOA50GSIR,N.I,N.I,197,4,CUARTO FRIO-163CJO1BTOA50GSIR.xlsx,120,N.I,N.I,1,N.I,1,0000/00/00
33,cuarto-frio.png,CUARTO FRIO,N.I,200332,N.I,MEQ00184,39,4,CUARTO FRIO-200332.xlsx,120,N.I,N.I,8,N.I,1,0000/00/00
34,cuarto-frio.png,CUARTO FRIO,N.I,200333,N.I,MEQ00185,39,4,CUARTO FRIO-200333.xlsx,120,N.I,N.I,8,N.I,1,0000/00/00
35,cuarto-frio.png,CUARTO FRIO,N.I,200331,N.I,MEQ00183,39,4,CUARTO FRIO-200331.xlsx,120,N.I,N.I,8,N.I,1,0000/00/00
36,cuarto-frio.PNG,CUARTO FRIO,N.I,04C261798,N.I,208458,164,4,CUARTO FRIO-04C261798.xlsx,120,N.I,N.I,1,N.I,1,0000/00/00
37,cuarto-frio.PNG,CUARTO FRIO ,GRIVAN,MO6J097900,N.I,N.I,47,2,CUARTO FRIO-MO6J097900.xlsx,120,N.I,N.I,2,N.I,1,0000/00/00
38,cuarto-frio.PNG,CUARTO FRIO,GRIVAN,M06D087698,N.I,N.I,47,2,CUARTO FRIO-M06D087698.xlsx,120,N.I,N.I,2,N.I,1,0000/00/00
39,cuarto-frio.png,CUARTO FRIO,GRIVAN,M06L112120,N.I,N.I,47,2,CUARTO FRIO-M06L112120.xlsx,120,N.I,N.I,2,N.I,1,0000/00/00
40,cuarto-frio.png,CUARTO FRIO,GRIVAN,MO6J097979,N.I,N.I,47,2,CUARTO FRIO-MO6J097979.xlsx,120,N.I,N.I,2,N.I,1,0000/00/00
41,cuarto-frio.png,CUARTO FRIO,GRIVAN,K973850,N.I,N.I,176,2,CUARTO FRIO-K973850.xlsx,120,N.I,N.I,1,N.I,1,0000/00/00
42,cuarto-frio.png,CUARTO FRIO,GRIVAN,UCR2L441CAA,N.I,N.I,176,2,CUARTO FRIO-UCR2L441CAA.xlsx,120,N.I,N.I,1,N.I,1,0000/00/00
43,ascensor.jpg,ASCENSORES,SCHINDLER,02614-0,N.I,N.I,144,0,ASCENSORES-02614-0.xlsx,120,N.I,N.I,2,N.I,1,0000/00/00
44,ascensor.jpg,ASCENSORES,SCHINDLER,63501-4,N.I,N.I,168,0,ASCENSORES-63501-4.xlsx,120,N.I,N.I,1,N.I,1,0000/00/00
45,ascensor.jpg,ASCENSORES,SCHINDLER,63502-2,N.I,N.I,168,0,ASCENSORES-63502-2.xlsx,120,N.I,N.I,1,N.I,1,0000/00/00
46,ascensor.jpg,ASCENSORES,SCHINDLER,32801-4,N.I,N.I,N.I,0,ASCENSORES-32801-4.xlsx,120,N.I,N.I,1,N.I,1,0000/00/00
47,ascensor.jpg,ASCENSORES,SCHINDLER,32802-2,N.I,N.I,165,0,ASCENSORES-32802-2.xlsx,120,N.I,N.I,1,N.I,1,0000/00/00
48,ascensor.jpg,ASCENSORES,OTIS,211443,N.I,N.I,186,0,ASCENSORES-211443.xlsx,120,N.I,N.I,1,N.I,1,24/05/2014
49,ascensor.jpg,ASCENSORES,OTIS,211444,N.I,N.I,183,0,ASCENSORES-211444.xlsx,120,N.I,N.I,1,N.I,1,0000/00/00
50,ascensor.jpg,ASCENSORES,OTIS,211445,N.I,N.I,166,0,ASCENSORES-211445.xlsx,120,N.I,N.I,1,N.I,1,8/5/2014
51,chevrolet.jfif,VEHICULOS DE TRANSPORTE,CHEVROLET,N.I,N.I,ONL 115,144,2,VEHICULOS DE TRANSPORTE-N.I.xlsx,120,N.I,N.I,2,N.I,1,0000/00/00
52,chevrolet.jfif,VEHICULOS DE TRANSPORTE,CHEVROLET,N.I,N.I,ONL 099,144,2,VEHICULOS DE TRANSPORTE-N.I.xlsx,120,N.I,N.I,2,N.I,1,0000/00/00
53,hyundai starex.jpg,VEHICULOS DE TRANSPORTE,HYUNDAI,D4BB7436051,N.I,ONI998,144,2,VEHICULOS DE TRANSPORTE-D4BB7436051.xlsx,120,N.I,N.I,2,N.I,1,0000/00/00
54,hyundai starex.jpg,VEHICULOS DE TRANSPORTE,HYUNDAI,D4BB7435730,N.I,ONI996,144,2,VEHICULOS DE TRANSPORTE-D4BB7435730.xlsx,120,N.I,N.I,2,N.I,1,0000/00/00
55,hilux 2000.jpg,VEHICULOS DE TRANSPORTE,HYUNDAI,2224790,N.I,OTM020,195,2,VEHICULOS DE TRANSPORTE-2224790.xlsx,120,N.I,N.I,1,N.I,1,0000/00/00
56,iveco_daily_3510_mt_2800cc_4x2_urbint_19_2110116472774827362.jpg,VEHICULOS DE TRANSPORTE,IVECO,3355,N.I,ONI876,144,2,VEHICULOS DE TRANSPORTE-3355.xlsx,120,N.I,N.I,2,N.I,1,0000/00/00
57,iveco_daily_3510_mt_2800cc_4x2_urbint_19_2110116472774827362.jpg,VEHICULOS DE TRANSPORTE,IVECO,3292,N.I,ONI917,144,2,VEHICULOS DE TRANSPORTE-3292.xlsx,120,N.I,N.I,2,N.I,1,0000/00/00
58,iveco_daily_3510_mt_2800cc_4x2_urbint_19_2110116472774827362.jpg,VEHICULOS DE TRANSPORTE,IVECO,N.I,N.I,ONK063,10,2,VEHICULOS DE TRANSPORTE-N.I.xlsx,120,N.I,N.I,6,N.I,1,0000/00/00
59,kodiak.png,VEHICULOS DE TRANSPORTE,CHEVROLET,M9420J311L86,N.I,OYL604,10,2,VEHICULOS DE TRANSPORTE-M9420J311L86.xlsx,120,N.I,N.I,6,N.I,1,0000/00/00
60,caldera.jpg,CALDERA ,CONTINENTAL,N.I,N.I,N.I,55,5,CALDERA -N.I.xlsx,120,N.I,N.I,1,N.I,1,0000/00/00
61,caldera.jpg,CALDERA ,CONTINENTAL,N.I,N.I,N.I,55,5,CALDERA -N.I.xlsx,120,N.I,N.I,1,N.I,1,0000/00/00
62,CABINA DE SEGURIDAD BIOLOGICA.PNG,CABINA DE SEGURIDAD BIOLÓGICA,TELSTAR,18741,N.I,302981,73,5,CABINA DE SEGURIDAD BIOLÓGICA-18741.xlsx,120,N.I,N.I,3,N.I,1,0000/00/00
63,cabina seguridad biologica n2.PNG,CABINA DE SEGURIDAD BIOLÓGICA NIVEL II,C-4,N.I,N.I,EMC00401,52,5,CABINA DE SEGURIDAD BIOLÓGICA NIVEL II-N.I.xlsx,120,N.I,N.I,1,N.I,1,0000/00/00
64,cabina extractora.PNG,CABINA EXTRACTORA FLUJO LAMINAR,C-4,190403,N.I,N.I,73,5,CABINA EXTRACTORA FLUJO LAMINAR-190403.xlsx,120,N.I,N.I,3,N.I,1,0000/00/00
65,cabina flujo laminar labconco.jpg,CABINA DE FLUJO LAMINAR  LABCONCO,LABCONCO,71280022,N.I,N.I,52,5,CABINA DE FLUJO LAMINAR  LABCONCO-71280022.xlsx,120,N.I,N.I,1,N.I,1,0000/00/00
66,cabina de flujo laminar.PNG,CABINA DE FLUJO LAMINAR FCL 85  ,C-4,200704,N.I,N.I,52,5,CABINA DE FLUJO LAMINAR FCL 85  -200704.xlsx,120,N.I,N.I,1,N.I,1,0000/00/00
67,cabina de flujo laminar.PNG,CABINA DE FLUJO LAMINAR ,C-4,N.I,N.I,N.I,60,5,CABINA DE FLUJO LAMINAR -N.I.xlsx,120,N.I,N.I,3,N.I,1,0000/00/00
68,cabina de flujo laminar.PNG,CABINA DE FLUJO LAMINAR ,C-4,3513-14,N.I,N.I,172,5,CABINA DE FLUJO LAMINAR -3513-14.xlsx,120,N.I,N.I,1,N.I,1,0000/00/00
69,cabina de flujo laminar.PNG,CABINA DE FLUJO LAMINAR ,C-4,3513-12,N.I,N.I,172,5,CABINA DE FLUJO LAMINAR -3513-12.xlsx,120,N.I,N.I,1,N.I,1,0000/00/00
70,cabina de flujo laminar.PNG,CABINA DE FLUJO LAMINAR ,C-4,3413-06,N.I,N.I,172,5,CABINA DE FLUJO LAMINAR -3413-06.xlsx,120,N.I,N.I,1,N.I,1,0000/00/00
71,cabina de flujo laminar.PNG,CABINA DE FLUJO LAMINAR ,C-4,3913-12,N.I,N.I,172,5,CABINA DE FLUJO LAMINAR -3913-12.xlsx,120,N.I,N.I,1,N.I,1,0000/00/00
72,bsv80.jfif,BOMBA DE VACIO BSV80,KAESER,3501532,N.I,N.I,2,3,BOMBA DE VACIO BSV80-3501532.xlsx,220,N.I,N.I,2,N.I,1,0000/00/00
73,bsv80.jfif,BOMBA DE VACIO BSV80,KAESER,N.I,N.I,N.I,140,3,BOMBA DE VACIO BSV80-N.I.xlsx,220,10,15340,5,5 a 43,1,0000/00/00
74,COMPRESOR AIRBOX 12.png,COMPRESOR AIRBOX 12,KAESER,N.I,N.I,N.I,140,3,COMPRESOR AIRBOX 12-N.I.xlsx,120,10,15340,5,5 a 43,1,0000/00/00
75,COMPRESOR AIRBOX 1700T.PNG,COMPRESOR AIRBOX1700T,KAESER,3298498,N.I,N.I,190,3,COMPRESOR AIRBOX1700T-3298498.xlsx,230,35.2,11505,1,3 a 28,1,0000/00/00
76,COMPRESOR AIRBOX 1700T.PNG,COMPRESOR AIRBOX1700T,KAESER,3298502,N.I,N.I,190,3,COMPRESOR AIRBOX1700T-3298502.xlsx,230,35.2,11505,1,3 a 28,1,0000/00/00
77,compresor keaser asd40.jpg,COMPRESOR ASD40,KAESER,2774207,N.I,N.I,190,3,COMPRESOR ASD40-2774207.xlsx,230,35.2,11505,1,3 a 28,1,0000/00/00
78,kaerser bsd40.jfif,COMPRESOR BSD40,KAESER,1888615,N.I,N.I,190,3,COMPRESOR BSD40-1888615.xlsx,230,35.2,11505,1,3 a 28,1,0000/00/00
79,td51.PNG,SECADOR TD51,KAESER,1541932,N.I,N.I,190,3,SECADOR TD51-1541932.xlsx,230,6,N.I,1,5 a 43,1,0000/00/00
80,td51.PNG,SECADOR TD51,KAESER,3008578,N.I,N.I,190,3,SECADOR TD51-3008578.xlsx,230,6,N.I,1,5 a 43,1,0000/00/00
81,td51.PNG,SECADOR TD51,KAESER,2862057,N.I,N.I,190,3,SECADOR TD51-2862057.xlsx,120,N.I,N.I,1,N.I,1,0000/00/00
82,tanque de oxigeno liquido.PNG,TANQUE CRIOGENICO DE OXIGENO LIQUIDO (ECOMODATO),LINDE,L1505,VT900 L1505,N.I,190,5,TANQUE CRIOGENICO DE OXIGENO LIQUIDO (ECOMODATO).xlsx,440,N.I,N.I,1,N.I,1,0000/00/00
83,cama electrica los pinos.jpg,CAMA ELECTRICA,LOS PINOS,503565,N.I,MYEO07122,77,5,CAMA ELECTRICA-503565.xlsx,120,N.I,N.I,1,N.I,1,0000/00/00
84,cama electrica los pinos.jpg,CAMA ELECTRICA,LOS PINOS,503568,N.I,MYEO07129,77,5,CAMA ELECTRICA-503568.xlsx,120,N.I,N.I,1,N.I,1,0000/00/00
85,cama electrica los pinos.jpg,CAMA ELECTRICA,LOS PINOS,503556,N.I,MYEO07121,77,5,CAMA ELECTRICA-503556.xlsx,120,N.I,N.I,1,N.I,1,0000/00/00
86,cama electrica los pinos.jpg,CAMA ELECTRICA,LOS PINOS,503561,N.I,MYEO07128,77,5,CAMA ELECTRICA-503561.xlsx,120,N.I,N.I,1,N.I,1,0000/00/00
87,cama electrica los pinos.jpg,CAMA ELECTRICA,LOS PINOS,503569,N.I,MYEO07130,77,5,CAMA ELECTRICA-503569.xlsx,120,N.I,N.I,1,N.I,1,0000/00/00
88,cama electrica los pinos.jpg,CAMA ELECTRICA,LOS PINOS,503984,N.I,MYEO07128,77,5,CAMA ELECTRICA-503984.xlsx,120,N.I,N.I,1,N.I,1,0000/00/00
89,cama electrica los pinos.jpg,CAMA ELECTRICA,LOS PINOS,503547,N.I,N.I,77,5,CAMA ELECTRICA-503547.xlsx,120,N.I,N.I,1,N.I,1,0000/00/00
90,cama electrica los pinos.jpg,CAMA ELECTRICA,LOS PINOS,503557,N.I,N.I,77,5,CAMA ELECTRICA-503557.xlsx,120,N.I,N.I,1,N.I,1,0000/00/00
91,cama electrica los pinos.jpg,CAMA ELECTRICA,LOS PINOS,503555,N.I,MYEO07123,77,5,CAMA ELECTRICA-503555.xlsx,120,N.I,N.I,1,N.I,1,0000/00/00
92,cama electrica los pinos.jpg,CAMA ELECTRICA,LOS PINOS,503564,N.I,MYEO07120,77,5,CAMA ELECTRICA-503564.xlsx,120,N.I,N.I,1,N.I,1,0000/00/00
93,cama electrica los pinos.jpg,CAMA ELECTRICA,LOS PINOS,503552,N.I,MYEO07124,77,5,CAMA ELECTRICA-503552.xlsx,120,N.I,N.I,1,N.I,1,0000/00/00
94,cama electrica los pinos.jpg,CAMA ELECTRICA,LOS PINOS,503571,N.I,MYEO077131,77,5,CAMA ELECTRICA-503571.xlsx,120,N.I,N.I,1,N.I,1,0000/00/00
95,cama electrica los pinos.jpg,CAMA ELECTRICA,LOS PINOS,503549,N.I,MYEO07118,77,5,CAMA ELECTRICA-503549.xlsx,120,N.I,N.I,1,N.I,1,0000/00/00
96,cama electrica los pinos.jpg,CAMA ELECTRICA,LOS PINOS,503985,N.I,N.I,77,5,CAMA ELECTRICA-503985.xlsx,120,N.I,N.I,1,N.I,1,0000/00/00
97,cama electrica los pinos.jpg,CAMA ELECTRICA,LOS PINOS,503551,N.I,MYEO07127,77,5,CAMA ELECTRICA-503551.xlsx,120,N.I,N.I,1,N.I,1,0000/00/00
98,cama electrica los pinos.jpg,CAMA ELECTRICA,LOS PINOS,503757,N.I,N.I,3,5,CAMA ELECTRICA-503757.xlsx,120,N.I,N.I,6,N.I,1,0000/00/00
99,cama electrica los pinos.jpg,CAMA ELECTRICA,LOS PINOS,503756,N.I,N.I,3,5,CAMA ELECTRICA-503756.xlsx,120,N.I,N.I,6,N.I,1,0000/00/00
100,cama electrica los pinos.jpg,CAMA ELECTRICA,LOS PINOS,503755,N.I,N.I,3,5,CAMA ELECTRICA-503755.xlsx,120,N.I,N.I,6,N.I,1,0000/00/00
101,cama electrica los pinos.jpg,CAMA ELECTRICA,LOS PINOS,504343,N.I,MYEO07148,137,5,CAMA ELECTRICA-504343.xlsx,120,N.I,N.I,1,N.I,1,0000/00/00
102,cama electrica los pinos.jpg,CAMA ELECTRICA,LOS PINOS,504340,N.I,MYEO07134,137,5,CAMA ELECTRICA-504340.xlsx,120,N.I,N.I,1,N.I,1,0000/00/00
103,cama electrica los pinos.jpg,CAMA ELECTRICA,LOS PINOS,504337,N.I,MYEO07133,137,5,CAMA ELECTRICA-504337.xlsx,120,N.I,N.I,1,N.I,1,0000/00/00
104,cama electrica los pinos.jpg,CAMA ELECTRICA,LOS PINOS,504336,N.I,MYEO07136,137,5,CAMA ELECTRICA-504336.xlsx,120,N.I,N.I,1,N.I,1,0000/00/00
105,cama electrica los pinos.jpg,CAMA ELECTRICA,LOS PINOS,504328,N.I,MYEO07135,138,5,CAMA ELECTRICA-504328.xlsx,120,N.I,N.I,1,N.I,1,0000/00/00
106,cama electrica los pinos.jpg,CAMA ELECTRICA,LOS PINOS,504334,N.I,MYEO07137,138,5,CAMA ELECTRICA-504334.xlsx,120,N.I,N.I,4,N.I,1,0000/00/00
107,cama electrica los pinos.jpg,CAMA ELECTRICA,LOS PINOS,504330,N.I,MYEO07147,141,5,CAMA ELECTRICA-504330.xlsx,120,N.I,N.I,1,N.I,1,0000/00/00
108,cama electrica los pinos.jpg,CAMA ELECTRICA,LOS PINOS,504338,N.I,MYEO07145,139,5,CAMA ELECTRICA-504338.xlsx,120,N.I,N.I,1,N.I,1,0000/00/00
109,cama electrica los pinos.jpg,CAMA ELECTRICA,LOS PINOS,504331,N.I,MYEO07143,142,5,CAMA ELECTRICA-504331.xlsx,120,N.I,N.I,4,N.I,1,0000/00/00
110,cama electrica los pinos.jpg,CAMA ELECTRICA,LOS PINOS,504345,N.I,MYEO07144,141,5,CAMA ELECTRICA-504345.xlsx,120,N.I,N.I,2,N.I,1,0000/00/00
111,cama electrica los pinos.jpg,CAMA ELECTRICA,LOS PINOS,504336,N.I,MYEO07136,141,5,CAMA ELECTRICA-504336.xlsx,120,N.I,N.I,2,N.I,1,0000/00/00
112,cama electrica los pinos.jpg,CAMA ELECTRICA,LOS PINOS,504332,N.I,MYEO07140,141,5,CAMA ELECTRICA-504332.xlsx,120,N.I,N.I,2,N.I,1,0000/00/00
113,cama electrica los pinos.jpg,CAMA ELECTRICA,LOS PINOS,504335,N.I,MYEO07066,140,5,CAMA ELECTRICA-504335.xlsx,120,N.I,N.I,1,N.I,1,0000/00/00
114,cama electrica los pinos.jpg,CAMA ELECTRICA,LOS PINOS,504347,N.I,MYEO07141,140,5,CAMA ELECTRICA-504347.xlsx,120,N.I,N.I,1,N.I,1,0000/00/00
115,cama electrica los pinos.jpg,CAMA ELECTRICA,LOS PINOS,504329,N.I,MYEO07142,140,5,CAMA ELECTRICA-504329.xlsx,120,N.I,N.I,1,N.I,1,0000/00/00
116,cama electrica los pinos.jpg,CAMA ELECTRICA,LOS PINOS,504346,N.I,MYEO07065,140,5,CAMA ELECTRICA-504346.xlsx,120,N.I,N.I,1,N.I,1,0000/00/00
117,cama electrica los pinos.jpg,CAMA ELECTRICA,LOS PINOS,504333,N.I,MYEO07064,140,5,CAMA ELECTRICA-504333.xlsx,120,N.I,N.I,1,N.I,1,0000/00/00
118,cama electrica los pinos.jpg,CAMA ELECTRICA,LOS PINOS,504344,N.I,MYEO07139,140,5,CAMA ELECTRICA-504344.xlsx,120,N.I,N.I,1,N.I,1,0000/00/00
119,cama electrica los pinos.jpg,CAMA ELECTRICA,LOS PINOS,504339,N.I,MYEO07138,140,5,CAMA ELECTRICA-504339.xlsx,120,N.I,N.I,1,N.I,1,0000/00/00
120,cama electrica los pinos.jpg,CAMA ELECTRICA,LOS PINOS,49629,N.I,EMCO2122,45,5,CAMA ELECTRICA-49629.xlsx,120,N.I,N.I,1,N.I,1,0000/00/00
121,cama electrica los pinos.jpg,CAMA ELECTRICA,LOS PINOS,49637,N.I,N.I,45,5,CAMA ELECTRICA-49637.xlsx,120,N.I,N.I,1,N.I,1,0000/00/00
122,cama electrica los pinos.jpg,CAMA ELECTRICA,LOS PINOS,49636,N.I,EMCO2111,45,5,CAMA ELECTRICA-49636.xlsx,120,N.I,N.I,1,N.I,1,0000/00/00
123,cama electrica los pinos.jpg,CAMA ELECTRICA,LOS PINOS,49628,N.I,EMCO2112,45,5,CAMA ELECTRICA-49628.xlsx,120,N.I,N.I,1,N.I,1,0000/00/00
124,cama electrica los pinos.jpg,CAMA ELECTRICA,LOS PINOS,49641,N.I,N.I,45,5,CAMA ELECTRICA-49641.xlsx,120,N.I,N.I,1,N.I,1,0000/00/00
125,cama electrica los pinos.jpg,CAMA ELECTRICA,LOS PINOS,49644,N.I,N.I,45,5,CAMA ELECTRICA-49644.xlsx,120,N.I,N.I,1,N.I,1,0000/00/00
126,cama electrica los pinos.jpg,CAMA ELECTRICA,LOS PINOS,49623,N.I,EMCO2104,45,5,CAMA ELECTRICA-49623.xlsx,120,N.I,N.I,1,N.I,1,0000/00/00
127,cama electrica los pinos.jpg,CAMA ELECTRICA,LOS PINOS,49645,N.I,EMCO2124,45,5,CAMA ELECTRICA-49645.xlsx,120,N.I,N.I,1,N.I,1,0000/00/00
128,cama electrica los pinos.jpg,CAMA ELECTRICA,LOS PINOS,49630,N.I,EMCO2102,45,5,CAMA ELECTRICA-49630.xlsx,120,N.I,N.I,1,N.I,1,0000/00/00
129,cama electrica los pinos.jpg,CAMA ELECTRICA,LOS PINOS,49638,N.I,EMCO2109,45,5,CAMA ELECTRICA-49638.xlsx,120,N.I,N.I,1,N.I,1,0000/00/00
130,cama electrica los pinos.jpg,CAMA ELECTRICA,LOS PINOS,49648,N.I,EMCO2113,45,5,CAMA ELECTRICA-49648.xlsx,120,N.I,N.I,1,N.I,1,0000/00/00
131,cama electrica los pinos.jpg,CAMA ELECTRICA,LOS PINOS,49622,N.I,N.I,45,5,CAMA ELECTRICA-49622.xlsx,120,N.I,N.I,1,N.I,1,0000/00/00
132,cama electrica los pinos.jpg,CAMA ELECTRICA,LOS PINOS,49646,N.I,N.I,45,5,CAMA ELECTRICA-49646.xlsx,120,N.I,N.I,1,N.I,1,0000/00/00
133,cama electrica los pinos.jpg,CAMA ELECTRICA,LOS PINOS,49627,N.I,EMCO2103,45,5,CAMA ELECTRICA-49627.xlsx,120,N.I,N.I,1,N.I,1,0000/00/00
134,cama electrica los pinos.jpg,CAMA ELECTRICA,LOS PINOS,49635,N.I,EMCO2106,45,5,CAMA ELECTRICA-49635.xlsx,120,N.I,N.I,1,N.I,1,0000/00/00
135,cama electrica los pinos.jpg,CAMA ELECTRICA,LOS PINOS,49634,N.I,EMCO2116,45,5,CAMA ELECTRICA-49634.xlsx,120,N.I,N.I,1,N.I,1,0000/00/00
136,cama electrica los pinos.jpg,CAMA ELECTRICA,LOS PINOS,49642,N.I,EMCO2123,79,5,CAMA ELECTRICA-49642.xlsx,120,N.I,N.I,1,N.I,1,0000/00/00
137,cama electrica los pinos.jpg,CAMA ELECTRICA,LOS PINOS,49643,N.I,N.I,79,5,CAMA ELECTRICA-49643.xlsx,120,N.I,N.I,1,N.I,1,0000/00/00
138,cama electrica los pinos.jpg,CAMA ELECTRICA,LOS PINOS,49639,N.I,EMCO2126,79,5,CAMA ELECTRICA-49639.xlsx,120,N.I,N.I,1,N.I,1,0000/00/00
139,cama electrica los pinos.jpg,CAMA ELECTRICA,LOS PINOS,49229,N.I,N.I,79,5,CAMA ELECTRICA-49229.xlsx,120,N.I,N.I,1,N.I,1,0000/00/00
140,cama electrica los pinos.jpg,CAMA ELECTRICA,LOS PINOS,49631,N.I,N.I,79,5,CAMA ELECTRICA-49631.xlsx,120,N.I,N.I,1,N.I,1,0000/00/00
141,cama electrica los pinos.jpg,CAMA ELECTRICA,LOS PINOS,49647,N.I,EMCO2119,79,5,CAMA ELECTRICA-49647.xlsx,120,N.I,N.I,1,N.I,1,0000/00/00
142,paramount.PNG,CAMA ELECTRICA,PARAMOUNT,9.00E+11,N.I,MYEO07244,45,5,CAMA ELECTRICA-900110000049.xlsx,120,N.I,N.I,1,N.I,1,0000/00/00
143,paramount.PNG,CAMA ELECTRICA,PARAMOUNT,9.00E+11,N.I,MYEO07245,45,5,CAMA ELECTRICA-900110000023.xlsx,120,N.I,N.I,1,N.I,1,0000/00/00
144,paramount.PNG,CAMA ELECTRICA,PARAMOUNT,9.01E+11,N.I,MYEO0743,45,5,CAMA ELECTRICA-901009100014.xlsx,120,N.I,N.I,1,N.I,1,0000/00/00
145,paramount.PNG,CAMA ELECTRICA,PARAMOUNT,9.00E+11,N.I,MYEO07302,79,5,CAMA ELECTRICA-900110000069.xlsx,120,N.I,N.I,1,N.I,1,0000/00/00
146,paramount.PNG,CAMA ELECTRICA,PARAMOUNT,9.01E+11,N.I,MYEO07298,79,5,CAMA ELECTRICA-900908900031.xlsx,120,N.I,N.I,1,N.I,1,0000/00/00
147,paramount.PNG,CAMA ELECTRICA,PARAMOUNT,9.00E+11,N.I,MYEO07233,79,5,CAMA ELECTRICA-900110000079.xlsx,120,N.I,N.I,1,N.I,1,0000/00/00
148,paramount.PNG,CAMA ELECTRICA,PARAMOUNT,9.01E+11,N.I,MYEO078297,79,5,CAMA ELECTRICA-901208400108.xlsx,120,N.I,N.I,1,N.I,1,0000/00/00
149,paramount.PNG,CAMA ELECTRICA,PARAMOUNT,9.00E+11,N.I,MYEO07235,79,5,CAMA ELECTRICA-900110000027.xlsx,120,N.I,N.I,1,N.I,1,0000/00/00
150,paramount.PNG,CAMA ELECTRICA,PARAMOUNT,9.00E+11,N.I,MYEO07281,79,5,CAMA ELECTRICA-900110000057.xlsx,120,N.I,N.I,1,N.I,1,0000/00/00
151,paramount.PNG,CAMA ELECTRICA,PARAMOUNT,9.00E+11,N.I,MYEO07238,79,5,CAMA ELECTRICA-900110000051.xlsx,120,N.I,N.I,1,N.I,1,0000/00/00
152,paramount.PNG,CAMA ELECTRICA,PARAMOUNT,9.01E+11,N.I,MYEO07301,79,5,CAMA ELECTRICA-901015600022.xlsx,120,N.I,N.I,1,N.I,1,0000/00/00
153,paramount.PNG,CAMA ELECTRICA,PARAMOUNT,9.01E+11,N.I,MYEO07229,79,5,CAMA ELECTRICA-901010900013.xlsx,120,N.I,N.I,1,N.I,1,0000/00/00
154,paramount.PNG,CAMA ELECTRICA,PARAMOUNT,9.00E+11,N.I,MYEO07232,79,5,CAMA ELECTRICA-900110000055.xlsx,120,N.I,N.I,1,N.I,1,0000/00/00
155,paramount.PNG,CAMA ELECTRICA,PARAMOUNT,9.00E+11,N.I,MYEO07236,79,5,CAMA ELECTRICA-900110000033.xlsx,120,N.I,N.I,1,N.I,1,0000/00/00
156,paramount.PNG,CAMA ELECTRICA,PARAMOUNT,9.00E+11,N.I,MYEO07241,79,5,CAMA ELECTRICA-900110000002.xlsx,120,N.I,N.I,1,N.I,1,0000/00/00
157,paramount.PNG,CAMA ELECTRICA,PARAMOUNT,9.01E+11,N.I,MYEO07288,79,5,CAMA ELECTRICA-901015600013.xlsx,120,N.I,N.I,1,N.I,1,0000/00/00
158,paramount.PNG,CAMA ELECTRICA,PARAMOUNT,9.01E+11,N.I,MYEO07242,72,5,CAMA ELECTRICA-901010900015.xlsx,120,N.I,N.I,1,N.I,1,0000/00/00
159,paramount.PNG,CAMA ELECTRICA,PARAMOUNT,9.00E+11,N.I,MYEO07240,72,5,CAMA ELECTRICA-900110000019.xlsx,120,N.I,N.I,1,N.I,1,0000/00/00
160,paramount.PNG,CAMA ELECTRICA,PARAMOUNT,9.00E+11,N.I,MYEO07239,72,5,CAMA ELECTRICA-900110000011.xlsx,120,N.I,N.I,1,N.I,1,0000/00/00
161,paramount.PNG,CAMA ELECTRICA,PARAMOUNT,9.01E+11,N.I,N.I,189,5,CAMA ELECTRICA-900808800034.xlsx,120,N.I,N.I,1,N.I,1,0000/00/00
162,paramount.PNG,CAMA ELECTRICA,PARAMOUNT,9.00E+11,N.I,N.I,189,5,CAMA ELECTRICA-900305500056.xlsx,120,N.I,N.I,1,N.I,1,0000/00/00
163,paramount.PNG,CAMA ELECTRICA,PARAMOUNT,9.01E+11,N.I,N.I,189,5,CAMA ELECTRICA-900908900047.xlsx,120,N.I,N.I,1,N.I,1,0000/00/00
164,paramount.PNG,CAMA ELECTRICA,PARAMOUNT,9.00E+11,N.I,N.I,189,5,CAMA ELECTRICA-900108400052.xlsx,120,N.I,N.I,1,N.I,1,0000/00/00
165,paramount.PNG,CAMA ELECTRICA,PARAMOUNT,9.01E+11,N.I,N.I,189,5,CAMA ELECTRICA-900808800032.xlsx,120,N.I,N.I,1,N.I,1,0000/00/00
166,paramount.PNG,CAMA ELECTRICA,PARAMOUNT,9.01E+11,N.I,N.I,189,5,CAMA ELECTRICA-900808800062.xlsx,120,N.I,N.I,1,N.I,1,0000/00/00
167,paramount.PNG,CAMA ELECTRICA,PARAMOUNT,9.00E+11,N.I,MYEO07277,189,5,CAMA ELECTRICA-900110000038.xlsx,120,N.I,N.I,1,N.I,1,0000/00/00
168,paramount.PNG,CAMA ELECTRICA,PARAMOUNT,9.01E+11,N.I,MYEO07289,189,5,CAMA ELECTRICA-901015600035.xlsx,120,N.I,N.I,1,N.I,1,0000/00/00
169,paramount.PNG,CAMA ELECTRICA,PARAMOUNT,9.01E+11,N.I,MYEO07292,189,5,CAMA ELECTRICA-901015600046.xlsx,120,N.I,N.I,1,N.I,1,0000/00/00
170,paramount.PNG,CAMA ELECTRICA,PARAMOUNT,9.00E+11,N.I,MYEO07290,189,5,CAMA ELECTRICA-900110000063.xlsx,120,N.I,N.I,1,N.I,1,0000/00/00
171,paramount.PNG,CAMA ELECTRICA,PARAMOUNT,9.01E+11,N.I,MYEO07269,189,5,CAMA ELECTRICA-901206400094.xlsx,120,N.I,N.I,1,N.I,1,0000/00/00
172,paramount.PNG,CAMA ELECTRICA,PARAMOUNT,9.00E+11,N.I,MYEO07271,189,5,CAMA ELECTRICA-900110000020.xlsx,120,N.I,N.I,1,N.I,1,0000/00/00
173,paramount.PNG,CAMA ELECTRICA,PARAMOUNT,9.00E+11,N.I,MYEO07274,189,5,CAMA ELECTRICA-900110000059.xlsx,120,N.I,N.I,1,N.I,1,0000/00/00
174,paramount.PNG,CAMA ELECTRICA,PARAMOUNT,9.00E+11,N.I,MYEO07300,187,5,CAMA ELECTRICA-900110000056.xlsx,120,N.I,N.I,1,N.I,1,0000/00/00
175,paramount.PNG,CAMA ELECTRICA,PARAMOUNT,9.00E+11,N.I,MYEO07266,187,5,CAMA ELECTRICA-900110000054.xlsx,120,N.I,N.I,1,N.I,1,0000/00/00
176,paramount.PNG,CAMA ELECTRICA,PARAMOUNT,9.00E+11,N.I,MYEO07280,187,5,CAMA ELECTRICA-900110000015.xlsx,120,N.I,N.I,1,N.I,1,0000/00/00
177,paramount.PNG,CAMA ELECTRICA,PARAMOUNT,9.00E+11,N.I,MYEO07260,187,5,CAMA ELECTRICA-900110000071.xlsx,120,N.I,N.I,1,N.I,1,0000/00/00
178,paramount.PNG,CAMA ELECTRICA,PARAMOUNT,9.01E+11,N.I,MYEO07262,187,5,CAMA ELECTRICA-901208400141.xlsx,120,N.I,N.I,1,N.I,1,0000/00/00
179,paramount.PNG,CAMA ELECTRICA,PARAMOUNT,9.00E+11,N.I,MYEO07278,187,5,CAMA ELECTRICA-900110000031.xlsx,120,N.I,N.I,1,N.I,1,0000/00/00
180,paramount.PNG,CAMA ELECTRICA,PARAMOUNT,9.00E+11,N.I,MYEO07296,187,5,CAMA ELECTRICA-900110000052.xlsx,120,N.I,N.I,1,N.I,1,0000/00/00
181,paramount.PNG,CAMA ELECTRICA,PARAMOUNT,9.00E+11,N.I,MYEO07253,187,5,CAMA ELECTRICA-900110000043.xlsx,120,N.I,N.I,1,N.I,1,0000/00/00
182,paramount.PNG,CAMA ELECTRICA,PARAMOUNT,9.01E+11,N.I,EMCO4002,139,5,CAMA ELECTRICA-901102800072.xlsx,120,N.I,N.I,5,N.I,1,0000/00/00
183,paramount.PNG,CAMA ELECTRICA,PARAMOUNT,9.01E+11,N.I,EMCO3997,139,5,CAMA ELECTRICA-900702700019.xlsx,120,N.I,N.I,5,N.I,1,0000/00/00
184,paramount.PNG,CAMA ELECTRICA,PARAMOUNT,9.00E+11,N.I,EMCO3999,139,5,CAMA ELECTRICA-900211400024.xlsx,120,N.I,N.I,5,N.I,1,0000/00/00
185,paramount.PNG,CAMA ELECTRICA,PARAMOUNT,9.01E+11,N.I,EMCO3998,139,5,CAMA ELECTRICA-900702700002.xlsx,120,N.I,N.I,5,N.I,1,0000/00/00
186,paramount.PNG,CAMA ELECTRICA,PARAMOUNT,9.00E+11,N.I,EMCO4000,139,5,CAMA ELECTRICA-900211400023.xlsx,120,N.I,N.I,5,N.I,1,0000/00/00
187,paramount.PNG,CAMA ELECTRICA,PARAMOUNT,9.00E+11,N.I,MYEO07259,139,5,CAMA ELECTRICA-900110000048.xlsx,120,N.I,N.I,5,N.I,1,0000/00/00
188,paramount.PNG,CAMA ELECTRICA,PARAMOUNT,9.00E+11,N.I,EMCO3992,138,5,CAMA ELECTRICA-900211400025.xlsx,120,N.I,N.I,4,N.I,1,0000/00/00
189,paramount.PNG,CAMA ELECTRICA,PARAMOUNT,9.01E+11,N.I,EMCO4005,138,5,CAMA ELECTRICA-901102800008.xlsx,120,N.I,N.I,4,N.I,1,0000/00/00
190,paramount.PNG,CAMA ELECTRICA,PARAMOUNT,9.01E+11,N.I,EMCO3996,138,5,CAMA ELECTRICA-901102800083.xlsx,120,N.I,N.I,4,N.I,1,0000/00/00
191,paramount.PNG,CAMA ELECTRICA,PARAMOUNT,9.01E+11,N.I,EMCO3994,138,5,CAMA ELECTRICA-901102800103.xlsx,120,N.I,N.I,4,N.I,1,0000/00/00
192,paramount.PNG,CAMA ELECTRICA,PARAMOUNT,9.01E+11,N.I,EMCO3991,138,5,CAMA ELECTRICA-900702700001.xlsx,120,N.I,N.I,4,N.I,1,0000/00/00
193,paramount.PNG,CAMA ELECTRICA,PARAMOUNT,N.I,N.I,N.I,138,5,CAMA ELECTRICA-N.I.xlsx,120,N.I,N.I,4,N.I,1,0000/00/00
194,paramount.PNG,CAMA ELECTRICA,PARAMOUNT,9.00E+11,N.I,EMCO3987,137,5,CAMA ELECTRICA-900211400015.xlsx,120,N.I,N.I,3,N.I,1,0000/00/00
195,paramount.PNG,CAMA ELECTRICA,PARAMOUNT,N.I,N.I,EMCO3988,137,5,CAMA ELECTRICA-N.I.xlsx,120,N.I,N.I,3,N.I,1,0000/00/00
196,paramount.PNG,CAMA ELECTRICA,PARAMOUNT,9.01E+11,N.I,EMCO3989,137,5,CAMA ELECTRICA-901102800092.xlsx,120,N.I,N.I,1,N.I,1,0000/00/00
197,paramount.PNG,CAMA ELECTRICA,PARAMOUNT,9.00E+11,N.I,MYEO07282,57,5,CAMA ELECTRICA-900110000029.xlsx,120,N.I,N.I,1,N.I,1,0000/00/00
198,paramount.PNG,CAMA ELECTRICA,PARAMOUNT,9.01E+11,N.I,MYEO07299,57,5,CAMA ELECTRICA-901015600016.xlsx,120,N.I,N.I,1,N.I,1,0000/00/00
199,paramount.PNG,CAMA ELECTRICA,PARAMOUNT,9.00E+11,N.I,MYEO07275,57,5,CAMA ELECTRICA-900110000061.xlsx,120,N.I,N.I,1,N.I,1,0000/00/00
200,paramount.PNG,CAMA ELECTRICA,PARAMOUNT,9.01E+11,N.I,MYEO07293,57,5,CAMA ELECTRICA-901015600025.xlsx,120,N.I,N.I,1,N.I,1,0000/00/00
201,paramount.PNG,CAMA ELECTRICA,PARAMOUNT,9.01E+11,N.I,MYEO07286,57,5,CAMA ELECTRICA-901208400092.xlsx,120,N.I,N.I,1,N.I,1,0000/00/00
202,paramount.PNG,CAMA ELECTRICA,PARAMOUNT,9.00E+11,N.I,MYEO7252,57,5,CAMA ELECTRICA-900110000028.xlsx,120,N.I,N.I,1,N.I,1,0000/00/00
203,paramount.PNG,CAMA ELECTRICA,PARAMOUNT,9.01E+11,N.I,MYEO07295,57,5,CAMA ELECTRICA-901015600039.xlsx,120,N.I,N.I,1,N.I,1,0000/00/00
204,paramount.PNG,CAMA ELECTRICA,PARAMOUNT,9.00E+11,N.I,MYEO07279,57,5,CAMA ELECTRICA-900110000053.xlsx,120,N.I,N.I,1,N.I,1,0000/00/00
205,paramount.PNG,CAMA ELECTRICA,PARAMOUNT,9.00E+11,N.I,MYEO07283,57,5,CAMA ELECTRICA-900110000066.xlsx,120,N.I,N.I,1,N.I,1,0000/00/00
206,paramount.PNG,CAMA ELECTRICA,PARAMOUNT,9.00E+11,N.I,MYEO07284,57,5,CAMA ELECTRICA-900110000058.xlsx,120,N.I,N.I,1,N.I,1,0000/00/00
207,paramount.PNG,CAMA ELECTRICA,PARAMOUNT,9.01E+11,N.I,MYEO07291,57,5,CAMA ELECTRICA-901208400153.xlsx,120,N.I,N.I,1,N.I,1,0000/00/00
208,paramount.PNG,CAMA ELECTRICA,PARAMOUNT,9.01E+11,N.I,MYEO07270,57,5,CAMA ELECTRICA-901015600049.xlsx,120,N.I,N.I,1,N.I,1,0000/00/00
209,paramount.PNG,CAMA ELECTRICA,PARAMOUNT,9.00E+11,N.I,MYEO07267,57,5,CAMA ELECTRICA-900110000065.xlsx,120,N.I,N.I,1,N.I,1,0000/00/00
210,paramount.PNG,CAMA ELECTRICA,PARAMOUNT,9.01E+11,N.I,MYEO07228,57,5,CAMA ELECTRICA-901010900014.xlsx,120,N.I,N.I,1,N.I,1,0000/00/00
211,paramount.PNG,CAMA ELECTRICA,PARAMOUNT,9.01E+11,N.I,MYEO07231,57,5,CAMA ELECTRICA-901009100005.xlsx,120,N.I,N.I,1,N.I,1,0000/00/00
212,paramount.PNG,CAMA ELECTRICA,PARAMOUNT,9.01E+11,N.I,MYEO07255,56,5,CAMA ELECTRICA-901103600019.xlsx,120,N.I,N.I,1,N.I,1,0000/00/00
213,paramount.PNG,CAMA ELECTRICA,PARAMOUNT,9.01E+11,N.I,MYEO07285,56,5,CAMA ELECTRICA-901208400103.xlsx,120,N.I,N.I,1,N.I,1,0000/00/00
214,paramount.PNG,CAMA ELECTRICA,PARAMOUNT,9.01E+11,N.I,MYEO07230,56,5,CAMA ELECTRICA-901009100010.xlsx,120,N.I,N.I,1,N.I,1,0000/00/00
215,paramount.PNG,CAMA ELECTRICA,PARAMOUNT,9.00E+11,N.I,MYEO07261,56,5,CAMA ELECTRICA-900110000036.xlsx,120,N.I,N.I,1,N.I,1,0000/00/00
216,paramount.PNG,CAMA ELECTRICA,PARAMOUNT,9.00E+11,N.I,MYEO07268,56,5,CAMA ELECTRICA-900110000073.xlsx,120,N.I,N.I,1,N.I,1,0000/00/00
217,paramount.PNG,CAMA ELECTRICA,PARAMOUNT,9.00E+11,N.I,MYEO07256,56,5,CAMA ELECTRICA-900110000006.xlsx,120,N.I,N.I,1,N.I,1,0000/00/00
218,paramount.PNG,CAMA ELECTRICA,PARAMOUNT,9.00E+11,N.I,MYEO07273,56,5,CAMA ELECTRICA-900110000080.xlsx,120,N.I,N.I,1,N.I,1,0000/00/00
219,paramount.PNG,CAMA ELECTRICA,PARAMOUNT,9.00E+11,N.I,MYEO07294,56,5,CAMA ELECTRICA-900110000030.xlsx,120,N.I,N.I,1,N.I,1,0000/00/00
220,paramount.PNG,CAMA ELECTRICA,PARAMOUNT,9.01E+11,N.I,MYEO07254,56,5,CAMA ELECTRICA-901203600014.xlsx,120,N.I,N.I,1,N.I,1,0000/00/00
221,paramount.PNG,CAMA ELECTRICA,PARAMOUNT,9.00E+11,N.I,MYEO07272,56,5,CAMA ELECTRICA-900110000062.xlsx,120,N.I,N.I,1,N.I,1,0000/00/00
222,paramount.PNG,CAMA ELECTRICA,PARAMOUNT,9.00E+11,N.I,MYEO07267,56,5,CAMA ELECTRICA-900110000035.xlsx,120,N.I,N.I,1,N.I,1,0000/00/00
223,paramount.PNG,CAMA ELECTRICA,PARAMOUNT,9.00E+11,N.I,MYEO07263,56,5,CAMA ELECTRICA-900107300035.xlsx,120,N.I,N.I,1,N.I,1,0000/00/00
224,paramount.PNG,CAMA ELECTRICA,PARAMOUNT,9.01E+11,N.I,MYEO07251,56,5,CAMA ELECTRICA-901203600010.xlsx,120,N.I,N.I,1,N.I,1,0000/00/00
225,paramount.PNG,CAMA ELECTRICA,PARAMOUNT,9.01E+11,N.I,MYEO07264,56,5,CAMA ELECTRICA-901203600017.xlsx,120,N.I,N.I,1,N.I,1,0000/00/00
226,paramount.PNG,CAMA ELECTRICA,PARAMOUNT,9.00E+11,N.I,MYEO07258,56,5,CAMA ELECTRICA-900110000042.xlsx,120,N.I,N.I,1,N.I,1,0000/00/00
227,paramount.PNG,CAMA ELECTRICA,PARAMOUNT,9.00E+11,N.I,MYEO07276,56,5,CAMA ELECTRICA-900110800004.xlsx,120,N.I,N.I,1,N.I,1,0000/00/00
228,paramount.PNG,CAMA ELECTRICA,PARAMOUNT,9.01E+11,N.I,MYEO07257,56,5,CAMA ELECTRICA-901208400087.xlsx,120,N.I,N.I,1,N.I,1,0000/00/00
229,paramount.PNG,CAMA ELECTRICA,PARAMOUNT,9.00E+11,N.I,MYEO07227,56,5,CAMA ELECTRICA-900110000044.xlsx,120,N.I,N.I,1,N.I,1,0000/00/00
230,paramount.PNG,CAMA ELECTRICA,PARAMOUNT,9.00E+11,N.I,MYEO07226,56,5,CAMA ELECTRICA-900110000045.xlsx,120,N.I,N.I,1,N.I,1,0000/00/00
231,paramount.PNG,CAMA ELECTRICA,PARAMOUNT,9.00E+11,N.I,MYEO07209,56,5,CAMA ELECTRICA-900110000050.xlsx,120,N.I,N.I,1,N.I,1,0000/00/00
232,camilla de transporte PARAMOUNT.PNG,CAMILLA DE TRANSPORTE,PARAMOUNT,C14000462,N.I,N.I,144,5,CAMILLA DE TRANSPORTE-C14000462.xlsx,120,N.I,N.I,2,N.I,1,0000/00/00
233,camilla de transporte PARAMOUNT.PNG,CAMILLA DE TRANSPORTE,PARAMOUNT,C14000463,N.I,N.I,144,5,CAMILLA DE TRANSPORTE-C14000463.xlsx,120,N.I,N.I,2,N.I,1,0000/00/00
234,camilla de transporte PARAMOUNT.PNG,CAMILLA DE TRANSPORTE,PARAMOUNT,C14000514,N.I,N.I,144,5,CAMILLA DE TRANSPORTE-C14000514.xlsx,120,N.I,N.I,2,N.I,1,0000/00/00
235,camilla de transporte PARAMOUNT.PNG,CAMILLA DE TRANSPORTE,PARAMOUNT,C14000518,N.I,N.I,144,5,CAMILLA DE TRANSPORTE-C14000518.xlsx,120,N.I,N.I,2,N.I,1,0000/00/00
236,camilla de transporte PARAMOUNT.PNG,CAMILLA DE TRANSPORTE,PARAMOUNT,C14000520,N.I,N.I,144,5,CAMILLA DE TRANSPORTE-C14000520.xlsx,120,N.I,N.I,2,N.I,1,0000/00/00
237,camilla de transporte PARAMOUNT.PNG,CAMILLA DE TRANSPORTE,PARAMOUNT,C14000521,N.I,N.I,144,5,CAMILLA DE TRANSPORTE-C14000521.xlsx,120,N.I,N.I,2,N.I,1,0000/00/00
238,camilla de transporte PARAMOUNT.PNG,CAMILLA DE TRANSPORTE,PARAMOUNT,C14000522,N.I,N.I,144,5,CAMILLA DE TRANSPORTE-C14000522.xlsx,120,N.I,N.I,2,N.I,1,0000/00/00
239,camilla de transporte PARAMOUNT.PNG,CAMILLA DE TRANSPORTE,PARAMOUNT,C14000523,N.I,N.I,144,5,CAMILLA DE TRANSPORTE-C14000523.xlsx,120,N.I,N.I,2,N.I,1,0000/00/00
240,camilla de transporte PARAMOUNT.PNG,CAMILLA DE TRANSPORTE,PARAMOUNT,C14000527,N.I,N.I,144,5,CAMILLA DE TRANSPORTE-C14000527.xlsx,120,N.I,N.I,2,N.I,1,0000/00/00
241,camilla de transporte PARAMOUNT.PNG,CAMILLA DE TRANSPORTE,PARAMOUNT,C14000528,N.I,N.I,144,5,CAMILLA DE TRANSPORTE-C14000528.xlsx,120,N.I,N.I,2,N.I,1,0000/00/00
242,camilla de transporte PARAMOUNT.PNG,CAMILLA DE TRANSPORTE,PARAMOUNT,C15000098,N.I,N.I,185,4,CAMILLA DE TRANSPORTE-C15000098.xlsx,120,N.I,N.I,1,N.I,1,0000/00/00
243,camilla de transporte PARAMOUNT.PNG,CAMILLA DE TRANSPORTE,PARAMOUNT,C15000139,N.I,N.I,185,4,CAMILLA DE TRANSPORTE-C15000139.xlsx,120,N.I,N.I,1,N.I,1,0000/00/00
244,camilla de transporte PARAMOUNT.PNG,CAMILLA DE TRANSPORTE,PARAMOUNT,C15000152,N.I,N.I,185,4,CAMILLA DE TRANSPORTE-C15000152.xlsx,120,N.I,N.I,1,N.I,1,0000/00/00
245,camilla de transporte PARAMOUNT.PNG,CAMILLA DE TRANSPORTE,PARAMOUNT,C15000146,N.I,N.I,185,4,CAMILLA DE TRANSPORTE-C15000146.xlsx,120,N.I,N.I,1,N.I,1,0000/00/00
246,camilla de transporte PARAMOUNT.PNG,CAMILLA DE TRANSPORTE,PARAMOUNT,C15000137,N.I,N.I,185,4,CAMILLA DE TRANSPORTE-C15000137.xlsx,120,N.I,N.I,1,N.I,1,0000/00/00
247,camilla de transporte PARAMOUNT.PNG,CAMILLA DE TRANSPORTE,PARAMOUNT,C15000129,N.I,N.I,144,4,CAMILLA DE TRANSPORTE-C15000129.xlsx,120,N.I,N.I,2,N.I,1,0000/00/00
248,camilla de transporte PARAMOUNT.PNG,CAMILLA DE TRANSPORTE,PARAMOUNT,C15000106,N.I,N.I,144,5,CAMILLA DE TRANSPORTE-C15000106.xlsx,120,N.I,N.I,2,N.I,1,0000/00/00
249,camilla de transporte PARAMOUNT.PNG,CAMILLA DE TRANSPORTE,PARAMOUNT,C15000161,N.I,N.I,188,5,CAMILLA DE TRANSPORTE-C15000161.xlsx,120,N.I,N.I,1,N.I,1,0000/00/00
250,camilla de transporte PARAMOUNT.PNG,CAMILLA DE TRANSPORTE,PARAMOUNT,C15000140,N.I,N.I,188,5,CAMILLA DE TRANSPORTE-C15000140.xlsx,120,N.I,N.I,1,N.I,1,0000/00/00
251,camilla de transporte PARAMOUNT.PNG,CAMILLA DE TRANSPORTE,PARAMOUNT,C15000164,N.I,N.I,188,4,CAMILLA DE TRANSPORTE-C15000164.xlsx,120,N.I,N.I,1,N.I,1,0000/00/00
252,camilla de transporte PARAMOUNT.PNG,CAMILLA DE TRANSPORTE,PARAMOUNT,C15000124,N.I,N.I,188,4,CAMILLA DE TRANSPORTE-C15000124.xlsx,120,N.I,N.I,1,N.I,1,0000/00/00
253,camilla de transporte PARAMOUNT.PNG,CAMILLA DE TRANSPORTE,PARAMOUNT,C15000107,N.I,N.I,188,5,CAMILLA DE TRANSPORTE-C15000107.xlsx,120,N.I,N.I,1,N.I,1,0000/00/00
254,camilla de transporte PARAMOUNT.PNG,CAMILLA DE TRANSPORTE,PARAMOUNT,C15000125,N.I,N.I,188,4,CAMILLA DE TRANSPORTE-C15000125.xlsx,120,N.I,N.I,1,N.I,1,0000/00/00
255,camilla de transporte PARAMOUNT.PNG,CAMILLA DE TRANSPORTE,PARAMOUNT,C15000147,N.I,N.I,62,4,CAMILLA DE TRANSPORTE-C15000147.xlsx,120,N.I,N.I,5,N.I,1,0000/00/00
256,camilla de transporte PARAMOUNT.PNG,CAMILLA DE TRANSPORTE,PARAMOUNT,C15000089,N.I,N.I,62,4,CAMILLA DE TRANSPORTE-C15000089.xlsx,120,N.I,N.I,5,N.I,1,0000/00/00
257,camilla de transporte PARAMOUNT.PNG,CAMILLA DE TRANSPORTE,PARAMOUNT,C15000160,N.I,N.I,62,5,CAMILLA DE TRANSPORTE-C15000160.xlsx,120,N.I,N.I,5,N.I,1,0000/00/00
258,camilla de transporte PARAMOUNT.PNG,CAMILLA DE TRANSPORTE,PARAMOUNT,C15000127,N.I,N.I,62,5,CAMILLA DE TRANSPORTE-C15000127.xlsx,120,N.I,N.I,5,N.I,1,0000/00/00
259,camilla de transporte PARAMOUNT.PNG,CAMILLA DE TRANSPORTE,PARAMOUNT,C15000163,N.I,N.I,62,5,CAMILLA DE TRANSPORTE-C15000163.xlsx,120,N.I,N.I,5,N.I,1,0000/00/00
260,camilla de transporte PARAMOUNT.PNG,CAMILLA DE TRANSPORTE,PARAMOUNT,C15000105,N.I,N.I,62,5,CAMILLA DE TRANSPORTE-C15000105.xlsx,120,N.I,N.I,5,N.I,1,0000/00/00
261,camilla de transporte PARAMOUNT.PNG,CAMILLA DE TRANSPORTE,PARAMOUNT,C15000110,N.I,N.I,191,5,CAMILLA DE TRANSPORTE-C15000110.xlsx,120,N.I,N.I,1,N.I,1,0000/00/00
262,camilla de transporte PARAMOUNT.PNG,CAMILLA DE TRANSPORTE,PARAMOUNT,C15000132,N.I,N.I,191,5,CAMILLA DE TRANSPORTE-C15000132.xlsx,120,N.I,N.I,1,N.I,1,0000/00/00
263,camilla de transporte PARAMOUNT.PNG,CAMILLA DE TRANSPORTE,PARAMOUNT,C15000134,N.I,N.I,144,5,CAMILLA DE TRANSPORTE-C15000134.xlsx,120,N.I,N.I,2,N.I,1,0000/00/00
264,camilla de transporte PARAMOUNT.PNG,CAMILLA DE TRANSPORTE,PARAMOUNT,C15000158,N.I,N.I,144,5,CAMILLA DE TRANSPORTE-C15000158.xlsx,120,N.I,N.I,2,N.I,1,0000/00/00
265,camilla de transporte PARAMOUNT.PNG,CAMILLA DE TRANSPORTE,PARAMOUNT,C15000108,N.I,N.I,144,5,CAMILLA DE TRANSPORTE-C15000108.xlsx,120,N.I,N.I,2,N.I,1,0000/00/00
266,camilla de transporte PARAMOUNT.PNG,CAMILLA DE TRANSPORTE,PARAMOUNT,C15000128,N.I,N.I,144,5,CAMILLA DE TRANSPORTE-C15000128.xlsx,120,N.I,N.I,2,N.I,1,0000/00/00
267,camilla de transporte PARAMOUNT.PNG,CAMILLA DE TRANSPORTE,PARAMOUNT,C15000157,N.I,N.I,144,5,CAMILLA DE TRANSPORTE-C15000157.xlsx,120,N.I,N.I,2,N.I,1,0000/00/00
268,camilla de transporte PARAMOUNT.PNG,CAMILLA DE TRANSPORTE,PARAMOUNT,C15000156,N.I,N.I,144,5,CAMILLA DE TRANSPORTE-C15000156.xlsx,120,N.I,N.I,2,N.I,1,0000/00/00
269,camilla de transporte PARAMOUNT.PNG,CAMILLA DE TRANSPORTE,PARAMOUNT,C15000092,N.I,N.I,144,5,CAMILLA DE TRANSPORTE-C15000092.xlsx,120,N.I,N.I,2,N.I,1,0000/00/00
270,camilla de transporte PARAMOUNT.PNG,CAMILLA DE TRANSPORTE,PARAMOUNT,C15000101,N.I,N.I,144,5,CAMILLA DE TRANSPORTE-C15000101.xlsx,120,N.I,N.I,2,N.I,1,0000/00/00
271,camilla de transporte PARAMOUNT.PNG,CAMILLA DE TRANSPORTE,PARAMOUNT,C15000091,N.I,N.I,144,4,CAMILLA DE TRANSPORTE-C15000091.xlsx,120,N.I,N.I,2,N.I,1,0000/00/00
272,camilla de transporte PARAMOUNT.PNG,CAMILLA DE TRANSPORTE,PARAMOUNT,C15000159,N.I,N.I,144,4,CAMILLA DE TRANSPORTE-C15000159.xlsx,120,N.I,N.I,2,N.I,1,0000/00/00
273,camilla de transporte PARAMOUNT.PNG,CAMILLA DE TRANSPORTE,PARAMOUNT,C15000131,N.I,N.I,144,4,CAMILLA DE TRANSPORTE-C15000131.xlsx,120,N.I,N.I,2,N.I,1,0000/00/00
274,camilla de transporte PARAMOUNT.PNG,CAMILLA DE TRANSPORTE,PARAMOUNT,C15000100,N.I,N.I,144,4,CAMILLA DE TRANSPORTE-C15000100.xlsx,120,N.I,N.I,2,N.I,1,0000/00/00
275,camilla de transporte PARAMOUNT.PNG,CAMILLA DE TRANSPORTE,PARAMOUNT,C15000096,N.I,N.I,144,5,CAMILLA DE TRANSPORTE-C15000096.xlsx,120,N.I,N.I,2,N.I,1,0000/00/00
276,camilla de transporte PARAMOUNT.PNG,CAMILLA DE TRANSPORTE,PARAMOUNT,C15000090,N.I,N.I,144,5,CAMILLA DE TRANSPORTE-C15000090.xlsx,120,N.I,N.I,2,N.I,1,0000/00/00
277,camilla de transporte PARAMOUNT.PNG,CAMILLA DE TRANSPORTE,PARAMOUNT,C15000143,N.I,N.I,144,5,CAMILLA DE TRANSPORTE-C15000143.xlsx,120,N.I,N.I,2,N.I,1,0000/00/00
278,camilla de transporte PARAMOUNT.PNG,CAMILLA DE TRANSPORTE,PARAMOUNT,C15000133,N.I,N.I,144,5,CAMILLA DE TRANSPORTE-C15000133.xlsx,120,N.I,N.I,2,N.I,1,0000/00/00
279,camilla de transporte PARAMOUNT.PNG,CAMILLA DE TRANSPORTE,PARAMOUNT,C15000130,N.I,N.I,144,5,CAMILLA DE TRANSPORTE-C15000130.xlsx,120,N.I,N.I,2,N.I,1,0000/00/00
280,camilla de transporte PARAMOUNT.PNG,CAMILLA DE TRANSPORTE,PARAMOUNT,C15000111,N.I,N.I,144,4,CAMILLA DE TRANSPORTE-C15000111.xlsx,120,N.I,N.I,2,N.I,1,0000/00/00
281,camilla de transporte PARAMOUNT.PNG,CAMILLA DE TRANSPORTE,PARAMOUNT,C15000126,N.I,N.I,144,5,CAMILLA DE TRANSPORTE-C15000126.xlsx,120,N.I,N.I,2,N.I,1,0000/00/00
282,camilla de transporte PARAMOUNT.PNG,CAMILLA DE TRANSPORTE,PARAMOUNT,C15000165,N.I,N.I,144,4,CAMILLA DE TRANSPORTE-C15000165.xlsx,120,N.I,N.I,2,N.I,1,0000/00/00
283,camilla de transporte PARAMOUNT.PNG,CAMILLA DE TRANSPORTE,PARAMOUNT,C15000142,N.I,N.I,144,4,CAMILLA DE TRANSPORTE-C15000142.xlsx,120,N.I,N.I,2,N.I,1,0000/00/00
284,camilla de transporte PARAMOUNT.PNG,CAMILLA DE TRANSPORTE,PARAMOUNT,C15000148,N.I,N.I,144,3,CAMILLA DE TRANSPORTE-C15000148.xlsx,120,N.I,N.I,2,N.I,1,0000/00/00
285,camilla de transporte PARAMOUNT.PNG,CAMILLA DE TRANSPORTE,PARAMOUNT,C15000138,N.I,N.I,144,4,CAMILLA DE TRANSPORTE-C15000138.xlsx,120,N.I,N.I,2,N.I,1,0000/00/00
286,camilla de transporte PARAMOUNT.PNG,CAMILLA DE TRANSPORTE,PARAMOUNT,C15000087,N.I,N.I,144,4,CAMILLA DE TRANSPORTE-C15000087.xlsx,120,N.I,N.I,2,N.I,1,0000/00/00
287,camilla de transporte PARAMOUNT.PNG,CAMILLA DE TRANSPORTE,PARAMOUNT,C15000099,N.I,N.I,144,4,CAMILLA DE TRANSPORTE-C15000099.xlsx,120,N.I,N.I,2,N.I,1,0000/00/00
288,camilla de transporte PARAMOUNT.PNG,CAMILLA DE TRANSPORTE,PARAMOUNT,C15000135,N.I,N.I,144,4,CAMILLA DE TRANSPORTE-C15000135.xlsx,120,N.I,N.I,2,N.I,1,0000/00/00
289,camilla de transporte PARAMOUNT.PNG,CAMILLA DE TRANSPORTE,PARAMOUNT,C15000166,N.I,N.I,144,4,CAMILLA DE TRANSPORTE-C15000166.xlsx,120,N.I,N.I,2,N.I,1,0000/00/00
290,camilla de transporte PARAMOUNT.PNG,CAMILLA DE TRANSPORTE,PARAMOUNT,C15000145,N.I,N.I,144,4,CAMILLA DE TRANSPORTE-C15000145.xlsx,120,N.I,N.I,2,N.I,1,0000/00/00
291,camilla de transporte PARAMOUNT.PNG,CAMILLA DE TRANSPORTE,PARAMOUNT,C15000095,N.I,N.I,144,4,CAMILLA DE TRANSPORTE-C15000095.xlsx,120,N.I,N.I,2,N.I,1,0000/00/00
292,camilla de transporte PARAMOUNT.PNG,CAMILLA DE TRANSPORTE,PARAMOUNT,C15000136,N.I,N.I,144,4,CAMILLA DE TRANSPORTE-C15000136.xlsx,120,N.I,N.I,2,N.I,1,0000/00/00
293,camilla de transporte PARAMOUNT.PNG,CAMILLA DE TRANSPORTE,PARAMOUNT,C15000093,N.I,N.I,144,4,CAMILLA DE TRANSPORTE-C15000093.xlsx,120,N.I,N.I,2,N.I,1,0000/00/00
294,camilla de transporte PARAMOUNT.PNG,CAMILLA DE TRANSPORTE,PARAMOUNT,C15000097,N.I,N.I,144,4,CAMILLA DE TRANSPORTE-C15000097.xlsx,120,N.I,N.I,2,N.I,1,0000/00/00
295,camilla de transporte PARAMOUNT.PNG,CAMILLA DE TRANSPORTE,PARAMOUNT,C15000094,N.I,N.I,144,4,CAMILLA DE TRANSPORTE-C15000094.xlsx,120,N.I,N.I,2,N.I,1,0000/00/00
296,camilla de transporte PARAMOUNT.PNG,CAMILLA DE TRANSPORTE,PARAMOUNT,C15000088,N.I,N.I,63,3,CAMILLA DE TRANSPORTE-C15000088.xlsx,120,N.I,N.I,5,N.I,1,0000/00/00
297,camilla de transporte PARAMOUNT.PNG,CAMILLA DE TRANSPORTE,PARAMOUNT,C15000102,N.I,N.I,63,4,CAMILLA DE TRANSPORTE-C15000102.xlsx,120,N.I,N.I,5,N.I,1,0000/00/00
298,camilla de transporte PARAMOUNT.PNG,CAMILLA DE TRANSPORTE,PARAMOUNT,C15000104,N.I,N.I,144,4,CAMILLA DE TRANSPORTE-C15000104.xlsx,120,N.I,N.I,2,N.I,1,0000/00/00
299,camilla de transporte PARAMOUNT.PNG,CAMILLA DE TRANSPORTE,PARAMOUNT,C15000151,N.I,N.I,144,4,CAMILLA DE TRANSPORTE-C15000151.xlsx,120,N.I,N.I,2,N.I,1,0000/00/00
300,camilla de transporte PARAMOUNT.PNG,CAMILLA DE TRANSPORTE,PARAMOUNT,C15000162,N.I,N.I,144,4,CAMILLA DE TRANSPORTE-C15000162.xlsx,120,N.I,N.I,2,N.I,1,0000/00/00
301,camilla de transporte hillrom.PNG,CAMILLA DE TRANSPORTE,HILL ROM,O067AQ2842,N.I,N.I,144,4,CAMILLA DE TRANSPORTE-O067AQ2842.xlsx,120,N.I,N.I,2,N.I,1,0000/00/00
302,camilla de transporte hillrom.PNG,CAMILLA DE TRANSPORTE,HILL ROM,O070AQ2864,N.I,N.I,144,5,CAMILLA DE TRANSPORTE-O070AQ2864.xlsx,120,N.I,N.I,2,N.I,1,0000/00/00
303,camilla de transporte hillrom.PNG,CAMILLA DE TRANSPORTE,HILL ROM,O070AQ2892,N.I,N.I,144,5,CAMILLA DE TRANSPORTE-O070AQ2892.xlsx,120,N.I,N.I,2,N.I,1,0000/00/00
304,camilla de transporte hillrom.PNG,CAMILLA DE TRANSPORTE,HILL ROM,O114AQ4164,N.I,N.I,144,5,CAMILLA DE TRANSPORTE-O114AQ4164.xlsx,120,N.I,N.I,2,N.I,1,0000/00/00
305,camilla de transporte hillrom.PNG,CAMILLA DE TRANSPORTE,HILL ROM,O114AQ4169,N.I,N.I,144,5,CAMILLA DE TRANSPORTE-O114AQ4169.xlsx,120,N.I,N.I,2,N.I,1,0000/00/00
306,camilla de transporte hillrom.PNG,CAMILLA DE TRANSPORTE,HILL ROM,O115AQ4188,N.I,N.I,144,4,CAMILLA DE TRANSPORTE-O115AQ4188.xlsx,120,N.I,N.I,2,N.I,1,0000/00/00
307,camilla de transporte hillrom.PNG,CAMILLA DE TRANSPORTE,HILL ROM,O070AQ2900,N.I,N.I,144,4,CAMILLA DE TRANSPORTE-O070AQ2900.xlsx,120,N.I,N.I,2,N.I,1,0000/00/00
308,camilla de transporte hillrom.PNG,CAMILLA DE TRANSPORTE,HILL ROM,O109AQ4029,N.I,N.I,144,4,CAMILLA DE TRANSPORTE-O109AQ4029.xlsx,120,N.I,N.I,2,N.I,1,0000/00/00
309,camilla de transporte hillrom.PNG,CAMILLA DE TRANSPORTE,HILL ROM,O109AQ4035,N.I,N.I,144,4,CAMILLA DE TRANSPORTE-O109AQ4035.xlsx,120,N.I,N.I,2,N.I,1,0000/00/00
310,camilla de transporte hillrom.PNG,CAMILLA DE TRANSPORTE,HILL ROM,O112AQ4055,N.I,N.I,144,4,CAMILLA DE TRANSPORTE-O112AQ4055.xlsx,120,N.I,N.I,2,N.I,1,0000/00/00
311,camilla de transporte hillrom.PNG,CAMILLA DE TRANSPORTE,HILL ROM,O112AQ4091,N.I,N.I,144,4,CAMILLA DE TRANSPORTE-O112AQ4091.xlsx,120,N.I,N.I,2,N.I,1,0000/00/00
312,camilla de transporte hillrom.PNG,CAMILLA DE TRANSPORTE,HILL ROM,O119AQ4284,N.I,N.I,144,4,CAMILLA DE TRANSPORTE-O119AQ4284.xlsx,120,N.I,N.I,2,N.I,1,0000/00/00
313,camilla de transporte hillrom.PNG,CAMILLA DE TRANSPORTE,HILL ROM,O119AQ4291,N.I,N.I,144,4,CAMILLA DE TRANSPORTE-O119AQ4291.xlsx,120,N.I,N.I,2,N.I,1,0000/00/00
314,camilla de transporte hillrom.PNG,CAMILLA DE TRANSPORTE,HILL ROM,O068AQ2849,N.I,N.I,144,4,CAMILLA DE TRANSPORTE-O068AQ2849.xlsx,120,N.I,N.I,2,N.I,1,0000/00/00
315,camilla de transporte hillrom.PNG,CAMILLA DE TRANSPORTE,HILL ROM,O070AQ2866,N.I,N.I,144,4,CAMILLA DE TRANSPORTE-O070AQ2866.xlsx,120,N.I,N.I,2,N.I,1,0000/00/00
316,camilla de transporte hillrom.PNG,CAMILLA DE TRANSPORTE,HILL ROM,O070AQ2896,N.I,N.I,144,4,CAMILLA DE TRANSPORTE-O070AQ2896.xlsx,120,N.I,N.I,2,N.I,1,0000/00/00
317,camilla de transporte hillrom.PNG,CAMILLA DE TRANSPORTE,HILL ROM,O114AQ4166,N.I,N.I,144,4,CAMILLA DE TRANSPORTE-O114AQ4166.xlsx,120,N.I,N.I,2,N.I,1,0000/00/00
318,camilla de transporte hillrom.PNG,CAMILLA DE TRANSPORTE,HILL ROM,O115AQ4176,N.I,N.I,144,4,CAMILLA DE TRANSPORTE-O115AQ4176.xlsx,120,N.I,N.I,2,N.I,1,0000/00/00
319,camilla de transporte hillrom.PNG,CAMILLA DE TRANSPORTE,HILL ROM,O115AQ4190,N.I,N.I,144,5,CAMILLA DE TRANSPORTE-O115AQ4190.xlsx,120,N.I,N.I,2,N.I,1,0000/00/00
320,camilla de transporte hillrom.PNG,CAMILLA DE TRANSPORTE,HILL ROM,O074AQ3062,N.I,N.I,144,4,CAMILLA DE TRANSPORTE-O074AQ3062.xlsx,120,N.I,N.I,2,N.I,1,0000/00/00
321,camilla de transporte hillrom.PNG,CAMILLA DE TRANSPORTE,HILL ROM,O109AQ4031,N.I,N.I,144,4,CAMILLA DE TRANSPORTE-O109AQ4031.xlsx,120,N.I,N.I,2,N.I,1,0000/00/00
322,camilla de transporte hillrom.PNG,CAMILLA DE TRANSPORTE,HILL ROM,O109AQ4044,N.I,N.I,144,4,CAMILLA DE TRANSPORTE-O109AQ4044.xlsx,120,N.I,N.I,2,N.I,1,0000/00/00
323,camilla de transporte hillrom.PNG,CAMILLA DE TRANSPORTE,HILL ROM,O112AQ4062,N.I,N.I,144,5,CAMILLA DE TRANSPORTE-O112AQ4062.xlsx,120,N.I,N.I,2,N.I,1,0000/00/00
324,camilla de transporte hillrom.PNG,CAMILLA DE TRANSPORTE,HILL ROM,O119AQ4279,N.I,N.I,144,4,CAMILLA DE TRANSPORTE-O119AQ4279.xlsx,120,N.I,N.I,2,N.I,1,0000/00/00
325,camilla de transporte hillrom.PNG,CAMILLA DE TRANSPORTE,HILL ROM,O119AQ4286,N.I,N.I,144,4,CAMILLA DE TRANSPORTE-O119AQ4286.xlsx,120,N.I,N.I,2,N.I,1,0000/00/00
326,camilla de transporte hillrom.PNG,CAMILLA DE TRANSPORTE,HILL ROM,O119AQ4293,N.I,N.I,144,5,CAMILLA DE TRANSPORTE-O119AQ4293.xlsx,120,N.I,N.I,2,N.I,1,0000/00/00
327,camilla de transporte hillrom.PNG,CAMILLA DE TRANSPORTE,HILL ROM,O070AQ2865,N.I,N.I,144,4,CAMILLA DE TRANSPORTE-O070AQ2865.xlsx,120,N.I,N.I,2,N.I,1,0000/00/00
328,camilla de transporte hillrom.PNG,CAMILLA DE TRANSPORTE,HILL ROM,O070AQ2895,N.I,N.I,144,5,CAMILLA DE TRANSPORTE-O070AQ2895.xlsx,120,N.I,N.I,2,N.I,1,0000/00/00
329,camilla de transporte hillrom.PNG,CAMILLA DE TRANSPORTE,HILL ROM,O114AQ4165,N.I,N.I,144,5,CAMILLA DE TRANSPORTE-O114AQ4165.xlsx,120,N.I,N.I,2,N.I,1,0000/00/00
330,camilla de transporte hillrom.PNG,CAMILLA DE TRANSPORTE,HILL ROM,O114AQ4173,N.I,N.I,144,5,CAMILLA DE TRANSPORTE-O114AQ4173.xlsx,120,N.I,N.I,2,N.I,1,0000/00/00
331,camilla de transporte hillrom.PNG,CAMILLA DE TRANSPORTE,HILL ROM,O115AQ4189,N.I,N.I,144,4,CAMILLA DE TRANSPORTE-O115AQ4189.xlsx,120,N.I,N.I,2,N.I,1,0000/00/00
332,camilla de transporte hillrom.PNG,CAMILLA DE TRANSPORTE,HILL ROM,O074AQ3059,N.I,N.I,144,5,CAMILLA DE TRANSPORTE-O074AQ3059.xlsx,120,N.I,N.I,2,N.I,1,0000/00/00
333,camilla de transporte hillrom.PNG,CAMILLA DE TRANSPORTE,HILL ROM,O109AQ4030,N.I,N.I,144,4,CAMILLA DE TRANSPORTE-O109AQ4030.xlsx,120,N.I,N.I,2,N.I,1,0000/00/00
334,camilla de transporte hillrom.PNG,CAMILLA DE TRANSPORTE,HILL ROM,O109AQ4037,N.I,N.I,144,4,CAMILLA DE TRANSPORTE-O109AQ4037.xlsx,120,N.I,N.I,2,N.I,1,0000/00/00
335,camilla de transporte hillrom.PNG,CAMILLA DE TRANSPORTE,HILL ROM,O112AQ4056,N.I,N.I,144,4,CAMILLA DE TRANSPORTE-O112AQ4056.xlsx,120,N.I,N.I,2,N.I,1,0000/00/00
336,camilla de transporte hillrom.PNG,CAMILLA DE TRANSPORTE,HILL ROM,O119AQ4277,N.I,N.I,144,5,CAMILLA DE TRANSPORTE-O119AQ4277.xlsx,120,N.I,N.I,2,N.I,1,0000/00/00
337,camilla de transporte hillrom.PNG,CAMILLA DE TRANSPORTE,HILL ROM,O119AQ4285,N.I,N.I,144,4,CAMILLA DE TRANSPORTE-O119AQ4285.xlsx,120,N.I,N.I,2,N.I,1,0000/00/00
338,camilla de transporte hillrom.PNG,CAMILLA DE TRANSPORTE,HILL ROM,O119AQ4292,N.I,N.I,144,5,CAMILLA DE TRANSPORTE-O119AQ4292.xlsx,120,N.I,N.I,2,N.I,1,0000/00/00
339,camilla de transporte hillrom.PNG,CAMILLA DE TRANSPORTE,HILL ROM,O068AQ2850,N.I,N.I,144,5,CAMILLA DE TRANSPORTE-O068AQ2850.xlsx,120,N.I,N.I,2,N.I,1,0000/00/00
340,camilla de transporte hillrom.PNG,CAMILLA DE TRANSPORTE,HILL ROM,O070AQ2889,N.I,N.I,144,5,CAMILLA DE TRANSPORTE-O070AQ2889.xlsx,120,N.I,N.I,2,N.I,1,0000/00/00
341,camilla de transporte hillrom.PNG,CAMILLA DE TRANSPORTE,HILL ROM,O113AQ4123,N.I,N.I,144,5,CAMILLA DE TRANSPORTE-O113AQ4123.xlsx,120,N.I,N.I,2,N.I,1,0000/00/00
342,camilla de transporte hillrom.PNG,CAMILLA DE TRANSPORTE,HILL ROM,O114AQ4167,N.I,N.I,144,5,CAMILLA DE TRANSPORTE-O114AQ4167.xlsx,120,N.I,N.I,2,N.I,1,0000/00/00
343,camilla de transporte hillrom.PNG,CAMILLA DE TRANSPORTE,HILL ROM,O115AQ4178,N.I,N.I,144,5,CAMILLA DE TRANSPORTE-O115AQ4178.xlsx,120,N.I,N.I,2,N.I,1,0000/00/00
344,camilla de transporte hillrom.PNG,CAMILLA DE TRANSPORTE,HILL ROM,O119AQ4295,N.I,N.I,144,4,CAMILLA DE TRANSPORTE-O119AQ4295.xlsx,120,N.I,N.I,2,N.I,1,0000/00/00
345,camilla de transporte hillrom.PNG,CAMILLA DE TRANSPORTE,HILL ROM,O109AQ4025,N.I,N.I,144,4,CAMILLA DE TRANSPORTE-O109AQ4025.xlsx,120,N.I,N.I,2,N.I,1,0000/00/00
346,camilla de transporte hillrom.PNG,CAMILLA DE TRANSPORTE,HILL ROM,O109AQ4033,N.I,N.I,144,5,CAMILLA DE TRANSPORTE-O109AQ4033.xlsx,120,N.I,N.I,2,N.I,1,0000/00/00
347,camilla de transporte hillrom.PNG,CAMILLA DE TRANSPORTE,HILL ROM,O112AQ4051,N.I,N.I,144,4,CAMILLA DE TRANSPORTE-O112AQ4051.xlsx,120,N.I,N.I,2,N.I,1,0000/00/00
348,camilla de transporte hillrom.PNG,CAMILLA DE TRANSPORTE,HILL ROM,O112AQ4070,N.I,N.I,144,5,CAMILLA DE TRANSPORTE-O112AQ4070.xlsx,120,N.I,N.I,2,N.I,1,0000/00/00
349,camilla de transporte hillrom.PNG,CAMILLA DE TRANSPORTE,HILL ROM,O119AQ4287,N.I,N.I,144,4,CAMILLA DE TRANSPORTE-O119AQ4287.xlsx,120,N.I,N.I,2,N.I,1,0000/00/00
350,camilla de transporte hillrom.PNG,CAMILLA DE TRANSPORTE,HILL ROM,O119AQ4294,N.I,N.I,144,4,CAMILLA DE TRANSPORTE-O119AQ4294.xlsx,120,N.I,N.I,2,N.I,1,0000/00/00
351,camilla de transporte hillrom.PNG,CAMILLA DE TRANSPORTE,HILL ROM,O070AQ2890,N.I,N.I,144,4,CAMILLA DE TRANSPORTE-O070AQ2890.xlsx,120,N.I,N.I,2,N.I,1,0000/00/00
352,camilla de transporte hillrom.PNG,CAMILLA DE TRANSPORTE,HILL ROM,O113AQ4163,N.I,N.I,144,4,CAMILLA DE TRANSPORTE-O113AQ4163.xlsx,120,N.I,N.I,2,N.I,1,0000/00/00
353,camilla de transporte hillrom.PNG,CAMILLA DE TRANSPORTE,HILL ROM,O114AQ4168,N.I,N.I,144,4,CAMILLA DE TRANSPORTE-O114AQ4168.xlsx,120,N.I,N.I,2,N.I,1,0000/00/00
354,camilla de transporte hillrom.PNG,CAMILLA DE TRANSPORTE,HILL ROM,O115AQ4184,N.I,N.I,144,4,CAMILLA DE TRANSPORTE-O115AQ4184.xlsx,120,N.I,N.I,2,N.I,1,0000/00/00
355,camilla de transporte hillrom.PNG,CAMILLA DE TRANSPORTE,HILL ROM,O109AQ4027,N.I,N.I,144,4,CAMILLA DE TRANSPORTE-O109AQ4027.xlsx,120,N.I,N.I,2,N.I,1,0000/00/00
356,camilla de transporte hillrom.PNG,CAMILLA DE TRANSPORTE,HILL ROM,O109AQ4034,N.I,N.I,144,4,CAMILLA DE TRANSPORTE-O109AQ4034.xlsx,120,N.I,N.I,2,N.I,1,0000/00/00
357,camilla de transporte hillrom.PNG,CAMILLA DE TRANSPORTE,HILL ROM,O070AQ2862,N.I,N.I,144,5,CAMILLA DE TRANSPORTE-O070AQ2862.xlsx,120,N.I,N.I,2,N.I,1,0000/00/00
358,camilla de transporte hillrom.PNG,CAMILLA DE TRANSPORTE,HILL ROM,O112AQ4072,N.I,N.I,144,5,CAMILLA DE TRANSPORTE-O112AQ4072.xlsx,120,N.I,N.I,2,N.I,1,0000/00/00
359,camilla de transporte hillrom.PNG,CAMILLA DE TRANSPORTE,HILL ROM,O119AQ4283,N.I,N.I,144,4,CAMILLA DE TRANSPORTE-O119AQ4283.xlsx,120,N.I,N.I,2,N.I,1,0000/00/00
360,camilla de transporte hillrom.PNG,CAMILLA DE TRANSPORTE,HILL ROM,O119AQ4289,N.I,N.I,144,5,CAMILLA DE TRANSPORTE-O119AQ4289.xlsx,120,N.I,N.I,2,N.I,1,0000/00/00
361,camilla de transporte hillrom.PNG,CAMILLA DE TRANSPORTE,HILL ROM,O119AQ4296,N.I,N.I,144,5,CAMILLA DE TRANSPORTE-O119AQ4296.xlsx,120,N.I,N.I,2,N.I,1,0000/00/00
362,camilla de transporte hillrom.PNG,CAMILLA DE TRANSPORTE,HILL ROM,O119AQ4297,N.I,N.I,144,5,CAMILLA DE TRANSPORTE-O119AQ4297.xlsx,120,N.I,N.I,2,N.I,1,0000/00/00
363,camilla de transporte hillrom.PNG,CAMILLA DE TRANSPORTE,HILL ROM,O119AQ4283,N.I,N.I,144,4,CAMILLA DE TRANSPORTE-O119AQ4283.xlsx,120,N.I,N.I,2,N.I,1,0000/00/00
364,camilla de transporte hillrom.PNG,CAMILLA DE TRANSPORTE,HILL ROM,O119AQ4289,N.I,N.I,144,5,CAMILLA DE TRANSPORTE-O119AQ4289.xlsx,120,N.I,N.I,2,N.I,1,0000/00/00
365,camilla de transporte hillrom.PNG,CAMILLA DE TRANSPORTE,HILL ROM,O119AQ4296,N.I,N.I,144,5,CAMILLA DE TRANSPORTE-O119AQ4296.xlsx,120,N.I,N.I,2,N.I,1,0000/00/00
366,camilla de transporte hillrom.PNG,CAMILLA DE TRANSPORTE,HILL ROM,O119AQ4297,N.I,N.I,144,5,CAMILLA DE TRANSPORTE-O119AQ4297.xlsx,120,N.I,N.I,2,N.I,1,0000/00/00
367,camilla de transporte PINOS.jpg,CAMILLA DE TRANSPORTE,LOS PINOS,77291,N.I,N.I,202,5,CAMILLA DE TRANSPORTE-77291.xlsx,120,N.I,N.I,1,N.I,1,0000/00/00
368,camilla de transporte PINOS.jpg,CAMILLA DE TRANSPORTE,LOS PINOS,76489,N.I,N.I,202,5,CAMILLA DE TRANSPORTE-76489.xlsx,120,N.I,N.I,1,N.I,1,0000/00/00
369,camilla de transporte PINOS.jpg,CAMILLA DE TRANSPORTE,LOS PINOS,76481,N.I,N.I,202,5,CAMILLA DE TRANSPORTE-76481.xlsx,120,N.I,N.I,1,N.I,1,0000/00/00
370,camilla de transporte PINOS.jpg,CAMILLA DE TRANSPORTE,LOS PINOS,76482,N.I,N.I,202,5,CAMILLA DE TRANSPORTE-76482.xlsx,120,N.I,N.I,1,N.I,1,0000/00/00
371,camilla de transporte PINOS.jpg,CAMILLA DE TRANSPORTE,LOS PINOS,77297,N.I,N.I,77,5,CAMILLA DE TRANSPORTE-77297.xlsx,120,N.I,N.I,6,N.I,1,0000/00/00
372,camilla de transporte PINOS.jpg,CAMILLA DE TRANSPORTE,LOS PINOS,77294,N.I,N.I,77,5,CAMILLA DE TRANSPORTE-77294.xlsx,120,N.I,N.I,6,N.I,1,0000/00/00
373,camilla de transporte PINOS.jpg,CAMILLA DE TRANSPORTE,LOS PINOS,77292,N.I,N.I,77,5,CAMILLA DE TRANSPORTE-77292.xlsx,120,N.I,N.I,6,N.I,1,0000/00/00
374,camilla de transporte PINOS.jpg,CAMILLA DE TRANSPORTE,LOS PINOS,65258,N.I,N.I,40,5,CAMILLA DE TRANSPORTE-65258.xlsx,120,N.I,N.I,3,N.I,1,0000/00/00
375,camilla de transporte PINOS.jpg,CAMILLA DE TRANSPORTE,LOS PINOS,65339,N.I,N.I,40,5,CAMILLA DE TRANSPORTE-65339.xlsx,120,N.I,N.I,3,N.I,1,0000/00/00
376,camilla de transporte PINOS.jpg,CAMILLA DE TRANSPORTE,LOS PINOS,65350,N.I,N.I,40,5,CAMILLA DE TRANSPORTE-65350.xlsx,120,N.I,N.I,3,N.I,1,0000/00/00
377,camilla de transporte PINOS.jpg,CAMILLA DE TRANSPORTE,LOS PINOS,65591,N.I,N.I,40,5,CAMILLA DE TRANSPORTE-65591.xlsx,120,N.I,N.I,3,N.I,1,0000/00/00
378,MUBIDOMETAL.png,CAMILLA DE TRANSPORTE,MUBI - DOMETAL,62353,N.I,N.I,144,4,CAMILLA DE TRANSPORTE-62353.xlsx,120,N.I,N.I,2,N.I,1,0000/00/00
379,MUBIDOMETAL.png,CAMILLA DE TRANSPORTE,MUBI - DOMETAL,62354,N.I,N.I,144,4,CAMILLA DE TRANSPORTE-62354.xlsx,120,N.I,N.I,2,N.I,1,0000/00/00
380,MUBIDOMETAL.png,CAMILLA DE TRANSPORTE,MUBI - DOMETAL,62355,N.I,N.I,144,4,CAMILLA DE TRANSPORTE-62355.xlsx,120,N.I,N.I,2,N.I,1,0000/00/00
381,MUBIDOMETAL.png,CAMILLA DE TRANSPORTE,MUBI - DOMETAL,62356,N.I,N.I,144,4,CAMILLA DE TRANSPORTE-62356.xlsx,120,N.I,N.I,2,N.I,1,0000/00/00
382,MUBIDOMETAL.png,CAMILLA DE TRANSPORTE,MUBI - DOMETAL,62357,N.I,N.I,144,4,CAMILLA DE TRANSPORTE-62357.xlsx,120,N.I,N.I,2,N.I,1,0000/00/00
383,MUBIDOMETAL.png,CAMILLA DE TRANSPORTE,MUBI - DOMETAL,62358,N.I,N.I,144,4,CAMILLA DE TRANSPORTE-62358.xlsx,120,N.I,N.I,2,N.I,1,0000/00/00
384,MUBIDOMETAL.png,CAMILLA DE TRANSPORTE,MUBI - DOMETAL,62359,N.I,N.I,144,4,CAMILLA DE TRANSPORTE-62359.xlsx,120,N.I,N.I,2,N.I,1,0000/00/00
385,MUBIDOMETAL.png,CAMILLA DE TRANSPORTE,MUBI - DOMETAL,62360,N.I,N.I,144,4,CAMILLA DE TRANSPORTE-62360.xlsx,120,N.I,N.I,2,N.I,1,0000/00/00
386,MUBIDOMETAL.png,CAMILLA DE TRANSPORTE,MUBI - DOMETAL,62361,N.I,N.I,144,4,CAMILLA DE TRANSPORTE-62361.xlsx,120,N.I,N.I,2,N.I,1,0000/00/00
387,MUBIDOMETAL.png,CAMILLA DE TRANSPORTE,MUBI - DOMETAL,62362,N.I,N.I,144,4,CAMILLA DE TRANSPORTE-62362.xlsx,120,N.I,N.I,2,N.I,1,0000/00/00
388,MUBIDOMETAL.png,CAMILLA DE TRANSPORTE,MUBI - DOMETAL,62363,N.I,N.I,144,4,CAMILLA DE TRANSPORTE-62363.xlsx,120,N.I,N.I,2,N.I,1,0000/00/00
389,MUBIDOMETAL.png,CAMILLA DE TRANSPORTE,MUBI - DOMETAL,62364,N.I,N.I,144,4,CAMILLA DE TRANSPORTE-62364.xlsx,120,N.I,N.I,2,N.I,1,0000/00/00
390,MUBIDOMETAL.png,CAMILLA DE TRANSPORTE,MUBI - DOMETAL,62365,N.I,N.I,144,4,CAMILLA DE TRANSPORTE-62365.xlsx,120,N.I,N.I,2,N.I,1,0000/00/00
391,MUBIDOMETAL.png,CAMILLA DE TRANSPORTE,MUBI - DOMETAL,62366,N.I,N.I,144,4,CAMILLA DE TRANSPORTE-62366.xlsx,120,N.I,N.I,2,N.I,1,0000/00/00
392,MUBIDOMETAL.png,CAMILLA DE TRANSPORTE,MUBI - DOMETAL,62367,N.I,N.I,144,4,CAMILLA DE TRANSPORTE-62367.xlsx,120,N.I,N.I,2,N.I,1,0000/00/00
393,MUBIDOMETAL.png,CAMILLA DE TRANSPORTE,MUBI - DOMETAL,62368,N.I,N.I,144,4,CAMILLA DE TRANSPORTE-62368.xlsx,120,N.I,N.I,2,N.I,1,0000/00/00
394,MUBIDOMETAL.png,CAMILLA DE TRANSPORTE,MUBI - DOMETAL,62369,N.I,N.I,144,4,CAMILLA DE TRANSPORTE-62369.xlsx,120,N.I,N.I,2,N.I,1,0000/00/00
395,MUBIDOMETAL.png,CAMILLA DE TRANSPORTE,MUBI - DOMETAL,62370,N.I,N.I,144,4,CAMILLA DE TRANSPORTE-62370.xlsx,120,N.I,N.I,2,N.I,1,0000/00/00
396,MUBIDOMETAL.png,CAMILLA DE TRANSPORTE,MUBI - DOMETAL,62371,N.I,N.I,144,4,CAMILLA DE TRANSPORTE-62371.xlsx,120,N.I,N.I,2,N.I,1,0000/00/00
397,MUBIDOMETAL.png,CAMILLA DE TRANSPORTE,MUBI - DOMETAL,62372,N.I,N.I,144,4,CAMILLA DE TRANSPORTE-62372.xlsx,120,N.I,N.I,2,N.I,1,0000/00/00
398,MUBIDOMETAL.png,CAMILLA DE TRANSPORTE,MUBI - DOMETAL,62373,N.I,N.I,144,4,CAMILLA DE TRANSPORTE-62373.xlsx,120,N.I,N.I,2,N.I,1,0000/00/00
399,MUBIDOMETAL.png,CAMILLA DE TRANSPORTE,MUBI - DOMETAL,62374,N.I,N.I,144,4,CAMILLA DE TRANSPORTE-62374.xlsx,120,N.I,N.I,2,N.I,1,0000/00/00
400,MUBIDOMETAL.png,CAMILLA DE TRANSPORTE,MUBI - DOMETAL,62375,N.I,N.I,144,4,CAMILLA DE TRANSPORTE-62375.xlsx,120,N.I,N.I,2,N.I,1,0000/00/00
401,MUBIDOMETAL.png,CAMILLA DE TRANSPORTE,MUBI - DOMETAL,62376,N.I,N.I,144,4,CAMILLA DE TRANSPORTE-62376.xlsx,120,N.I,N.I,2,N.I,1,0000/00/00
402,MUBIDOMETAL.png,CAMILLA DE TRANSPORTE,MUBI - DOMETAL,62377,N.I,N.I,144,4,CAMILLA DE TRANSPORTE-62377.xlsx,120,N.I,N.I,2,N.I,1,0000/00/00
403,MUBIDOMETAL.png,CAMILLA DE TRANSPORTE,MUBI - DOMETAL,62378,N.I,N.I,144,4,CAMILLA DE TRANSPORTE-62378.xlsx,120,N.I,N.I,2,N.I,1,0000/00/00
404,MUBIDOMETAL.png,CAMILLA DE TRANSPORTE,MUBI - DOMETAL,62379,N.I,N.I,144,4,CAMILLA DE TRANSPORTE-62379.xlsx,120,N.I,N.I,2,N.I,1,0000/00/00
405,MUBIDOMETAL.png,CAMILLA DE TRANSPORTE,MUBI - DOMETAL,62380,N.I,N.I,144,4,CAMILLA DE TRANSPORTE-62380.xlsx,120,N.I,N.I,2,N.I,1,0000/00/00
406,MUBIDOMETAL.png,CAMILLA DE TRANSPORTE,MUBI - DOMETAL,62381,N.I,N.I,144,4,CAMILLA DE TRANSPORTE-62381.xlsx,120,N.I,N.I,2,N.I,1,0000/00/00
407,MUBIDOMETAL.png,CAMILLA DE TRANSPORTE,MUBI - DOMETAL,62382,N.I,N.I,144,4,CAMILLA DE TRANSPORTE-62382.xlsx,120,N.I,N.I,2,N.I,1,0000/00/00
408,MUBIDOMETAL.png,CAMILLA DE TRANSPORTE,MUBI - DOMETAL,62383,N.I,N.I,144,4,CAMILLA DE TRANSPORTE-62383.xlsx,120,N.I,N.I,2,N.I,1,0000/00/00
409,MUBIDOMETAL.png,CAMILLA DE TRANSPORTE,MUBI - DOMETAL,62384,N.I,N.I,144,4,CAMILLA DE TRANSPORTE-62384.xlsx,120,N.I,N.I,2,N.I,1,0000/00/00
410,MUBIDOMETAL.png,CAMILLA DE TRANSPORTE,MUBI - DOMETAL,62385,N.I,N.I,144,4,CAMILLA DE TRANSPORTE-62385.xlsx,120,N.I,N.I,2,N.I,1,0000/00/00
411,MUBIDOMETAL.png,CAMILLA DE TRANSPORTE,MUBI - DOMETAL,62386,N.I,N.I,144,4,CAMILLA DE TRANSPORTE-62386.xlsx,120,N.I,N.I,2,N.I,1,0000/00/00
412,MUBIDOMETAL.png,CAMILLA DE TRANSPORTE,MUBI - DOMETAL,62387,N.I,ETRA00323,67,4,CAMILLA DE TRANSPORTE-62387.xlsx,120,N.I,N.I,3,N.I,1,0000/00/00
413,MUBIDOMETAL.png,CAMILLA DE TRANSPORTE,MUBI - DOMETAL,62388,N.I,N.I,144,4,CAMILLA DE TRANSPORTE-62388.xlsx,120,N.I,N.I,2,N.I,1,0000/00/00
414,MUBIDOMETAL.png,CAMILLA DE TRANSPORTE,MUBI - DOMETAL,62389,N.I,N.I,144,4,CAMILLA DE TRANSPORTE-62389.xlsx,120,N.I,N.I,2,N.I,1,0000/00/00
415,MUBIDOMETAL.png,CAMILLA DE TRANSPORTE,MUBI - DOMETAL,62390,N.I,ETRA00324,67,4,CAMILLA DE TRANSPORTE-62390.xlsx,120,N.I,N.I,3,N.I,1,0000/00/00
416,MUBIDOMETAL.png,CAMILLA DE TRANSPORTE,MUBI - DOMETAL,62391,N.I,N.I,144,4,CAMILLA DE TRANSPORTE-62391.xlsx,120,N.I,N.I,2,N.I,1,0000/00/00
417,MUBIDOMETAL.png,CAMILLA DE TRANSPORTE,MUBI - DOMETAL,62392,N.I,N.I,144,4,CAMILLA DE TRANSPORTE-62392.xlsx,120,N.I,N.I,2,N.I,1,0000/00/00
418,LENNOX 5HP.PNG,AIRE ACONDICIONADO CENTRAL,LENNOX,503KAXV00170,N.I,208453,164,3,AIRE ACONDICIONADO CENTRAL-503KAXV00170.xlsx,120,N.I,480,1,N.I,1,0000/00/00
419,LENNOX 5HP.PNG,AIRE ACONDICIONADO CENTRAL,LENNOX,503KAJD00316,N.I,208454,164,3,AIRE ACONDICIONADO CENTRAL-503KAJD00316.xlsx,120,N.I,480,1,N.I,1,0000/00/00
420,goodman.PNG,AIRE ACONDICIONADO CENTRAL,GOODMAN,12155714122,N.I,N.I,46,3,AIRE ACONDICIONADO CENTRAL-12155714122.xlsx,120,N.I,480,1,N.I,1,0000/00/00
421,aire lg.jpg,AIRE ACONDICIONADO CENTRAL,LG,E971588,N.I,N.I,169,3,AIRE ACONDICIONADO CENTRAL-E971588.xlsx,120,N.I,480,1,N.I,1,0000/00/00
422,comfortfresh.jpg,AIRE ACONDICIONADO CENTRAL,CONFORTFRESH,611KAZK00061,N.I,MYEO04213  ,170,3,AIRE ACONDICIONADO CENTRAL-611KAZK00061.xlsx,120,N.I,480,1,N.I,1,0000/00/00
423,aire lg.jpg,AIRE ACONDICIONADO CENTRAL,LG,F153PAEQ400111R,N.I,MYEO04213 ,170,3,AIRE ACONDICIONADO CENTRAL-F153PAEQ400111R.xlsx,120,N.I,480,1,N.I,1,0000/00/00
424,tecam.jpg,AIRE ACONDICIONADO CENTRAL,TECAM,E052951176,N.I,402690,40,3,AIRE ACONDICIONADO CENTRAL-E052951176.xlsx,120,N.I,480,3,N.I,1,0000/00/00
425,tecam.jpg,AIRE ACONDICIONADO CENTRAL,TECAM,5100988,N.I,402691,40,3,AIRE ACONDICIONADO CENTRAL-5100988.xlsx,120,N.I,480,3,N.I,1,0000/00/00
426,LENNOX 5HP.PNG,AIRE ACONDICIONADO CENTRAL,LENNOX,2588E48206,N.I,N.I,171,3,AIRE ACONDICIONADO CENTRAL-2588E48206.xlsx,120,N.I,480,1,N.I,1,0000/00/00
427,carrier 5toneladas.jpg,AIRE ACONDICIONADO CENTRAL,CARRIER,K933783,N.I,N.I,171,3,AIRE ACONDICIONADO CENTRAL-K933783.xlsx,120,N.I,480,1,N.I,1,0000/00/00
428,tecam.jpg,AIRE ACONDICIONADO CENTRAL,TECAM,12111287,N.I,N.I,18,3,AIRE ACONDICIONADO CENTRAL-12111287.xlsx,120,N.I,480,1,N.I,1,0000/00/00
429,mtc.PNG,AIRE ACONDICIONADO CENTRAL,MTC,EACA061222B,N.I,N.I,200,3,AIRE ACONDICIONADO CENTRAL-EACA061222B.xlsx,120,N.I,480,1,N.I,1,0000/00/00
430,carrier 5toneladas.jpg,AIRE ACONDICIONADO CENTRAL,EQUIPRAC,M984055,N.I,207984,173,3,AIRE ACONDICIONADO CENTRAL-M984055.xlsx,120,N.I,480,1,N.I,1,0000/00/00
431,N.I,AIRE ACONDICIONADO CENTRAL,N.I,C971118,N.I,N.I,175,3,AIRE ACONDICIONADO CENTRAL-C971118.xlsx,120,N.I,480,1,N.I,1,0000/00/00
432,N.I,AIRE ACONDICIONADO CENTRAL,N.I,C971116,N.I,N.I,174,3,AIRE ACONDICIONADO CENTRAL-C971116.xlsx,120,N.I,480,1,N.I,1,0000/00/00
433,N.I,AIRE ACONDICIONADO CENTRAL,N.I,5096E15484,N.I,N.I,178,3,AIRE ACONDICIONADO CENTRAL-5096E15484.xlsx,120,N.I,480,1,N.I,1,0000/00/00
434,N.I,AIRE ACONDICIONADO CENTRAL,N.I,1597E19974,N.I,N.I,179,3,AIRE ACONDICIONADO CENTRAL-1597E19974.xlsx,120,N.I,480,1,N.I,1,0000/00/00
435,LENNOX 5HP.PNG,AIRE ACONDICIONADO CENTRAL,LENNOX,5897F25865,N.I,N.I,177,3,AIRE ACONDICIONADO CENTRAL-5897F25865.xlsx,120,N.I,480,1,N.I,1,0000/00/00
436,mtc.PNG,AIRE ACONDICIONADO CENTRAL,MTC,UCA060667,N.I,N.I,180,3,AIRE ACONDICIONADO CENTRAL-UCA060667.xlsx,120,N.I,480,1,N.I,1,0000/00/00
437,mtc.PNG,AIRE ACONDICIONADO CENTRAL,MTC,04E64036B,N.I,N.I,180,3,AIRE ACONDICIONADO CENTRAL-04E64036B.xlsx,120,N.I,480,1,N.I,1,0000/00/00
438,mtc.PNG,AIRE ACONDICIONADO CENTRAL,MTC,UCA06064,N.I,N.I,180,3,AIRE ACONDICIONADO CENTRAL-UCA06064.xlsx,120,N.I,480,1,N.I,1,0000/00/00
439,BLUELINE.PNG,AIRE ACONDICIONADO CENTRAL,BLULINE,N222S21BF,N.I,208622,181,3,AIRE ACONDICIONADO CENTRAL-N222S21BF.xlsx,120,N.I,480,1,N.I,1,0000/00/00
440,COMFORTSTART 5TON.jpg,AIRE ACONDICIONADO CENTRAL,COMFORTSTART,4854,N.I,208620,181,3,AIRE ACONDICIONADO CENTRAL-4854.xlsx,120,N.I,480,1,N.I,1,0000/00/00
441,mtc.PNG,AIRE ACONDICIONADO CENTRAL,MTC,UCA060258,N.I,N.I,52,3,AIRE ACONDICIONADO CENTRAL-UCA060258.xlsx,120,N.I,480,1,N.I,1,0000/00/00
442,mtc.PNG,AIRE ACONDICIONADO CENTRAL,MTC,UCA060254,N.I,N.I,52,3,AIRE ACONDICIONADO CENTRAL-UCA060254.xlsx,120,N.I,480,1,N.I,1,0000/00/00
443,carrier 5toneladas.jpg,AIRE ACONDICIONADO CENTRAL,EQUIPRAC,J963273,N.I,N.I,182,3,AIRE ACONDICIONADO CENTRAL-J963273.xlsx,120,N.I,480,1,N.I,1,0000/00/00
444,starligh.jpg,AIRE ACONDICIONADO CENTRAL,STARLIGH,0511SC000304,N.I,N.I,184,3,AIRE ACONDICIONADO CENTRAL-0511SC000304.xlsx,120,N.I,480,1,N.I,1,0000/00/00
445,starligh.jpg,AIRE ACONDICIONADO CENTRAL,STARLIGH,0509SC996961,N.I,N.I,184,3,AIRE ACONDICIONADO CENTRAL-0509SC996961.xlsx,120,N.I,480,1,N.I,1,0000/00/00
446,starligh.jpg,AIRE ACONDICIONADO CENTRAL,STARLIGH,0506SC993446,N.I,N.I,184,3,AIRE ACONDICIONADO CENTRAL-0506SC993446.xlsx,120,N.I,480,1,N.I,1,0000/00/00
447,starligh.jpg,AIRE ACONDICIONADO CENTRAL,STARLIGH,05100SC998527,N.I,N.I,184,3,AIRE ACONDICIONADO CENTRAL-05100SC998527.xlsx,120,N.I,480,1,N.I,1,0000/00/00
448,starligh.jpg,AIRE ACONDICIONADO CENTRAL,STARLIGH,0510SC998536,N.I,N.I,184,3,AIRE ACONDICIONADO CENTRAL-0510SC998536.xlsx,120,N.I,480,1,N.I,1,0000/00/00
449,starligh.jpg,AIRE ACONDICIONADO CENTRAL,STARLIGH,0508SC995861,N.I,N.I,184,3,AIRE ACONDICIONADO CENTRAL-0508SC995861.xlsx,120,N.I,480,1,N.I,1,0000/00/00
450,starligh.jpg,AIRE ACONDICIONADO CENTRAL,STARLIGH,0511SC000305,N.I,N.I,184,3,AIRE ACONDICIONADO CENTRAL-0511SC000305.xlsx,120,N.I,480,1,N.I,1,0000/00/00
451,mtc.PNG,AIRE ACONDICIONADO CENTRAL,MTC,L963874,N.I,N.I,59,3,AIRE ACONDICIONADO CENTRAL-L963874.xlsx,120,N.I,480,1,N.I,1,0000/00/00
452,starligh.jpg,AIRE ACONDICIONADO CENTRAL,STARLIGH,L984280,N.I,N.I,60,3,AIRE ACONDICIONADO CENTRAL-L984280.xlsx,120,N.I,480,3,N.I,1,0000/00/00
453,carrier 5toneladas.jpg,AIRE ACONDICIONADO CENTRAL,EQUIPRAC,D931206,N.I,N.I,67,3,AIRE ACONDICIONADO CENTRAL-D931206.xlsx,120,N.I,480,3,N.I,1,0000/00/00
454,carrier 5toneladas.jpg,AIRE ACONDICIONADO CENTRAL,EQUIPRAC,F931780,N.I,N.I,67,3,AIRE ACONDICIONADO CENTRAL-F931780.xlsx,120,N.I,480,3,N.I,1,0000/00/00
455,carrier 5toneladas.jpg,AIRE ACONDICIONADO CENTRAL,EQUIPRAC,D931159,N.I,N.I,67,3,AIRE ACONDICIONADO CENTRAL-D931159.xlsx,120,N.I,480,3,N.I,1,0000/00/00
456,carrier 5toneladas.jpg,AIRE ACONDICIONADO CENTRAL,EQUIPRAC,212795,N.I,N.I,68,3,AIRE ACONDICIONADO CENTRAL-212795.xlsx,120,N.I,480,1,N.I,1,0000/00/00
457,carrier 5toneladas.jpg,AIRE ACONDICIONADO CENTRAL,EQUIPRAC,L944658C,N.I,N.I,71,3,AIRE ACONDICIONADO CENTRAL-L944658C.xlsx,120,N.I,480,3,N.I,1,0000/00/00
458,mtc.PNG,AIRE ACONDICIONADO CENTRAL,MTC,UCA060257,N.I,N.I,73,3,AIRE ACONDICIONADO CENTRAL-UCA060257.xlsx,120,N.I,480,1,N.I,1,0000/00/00
459,tecam.jpg,AIRE ACONDICIONADO CENTRAL,TECAM,B000420,N.I,N.I,77,3,AIRE ACONDICIONADO CENTRAL-B000420.xlsx,120,N.I,480,1,N.I,1,0000/00/00
460,tecam.jpg,AIRE ACONDICIONADO CENTRAL,TECAM,X070578993,N.I,N.I,104,3,AIRE ACONDICIONADO CENTRAL-X070578993.xlsx,120,N.I,480,5,N.I,1,0000/00/00
461,tecam.jpg,AIRE ACONDICIONADO CENTRAL,TECAM,X070679941,N.I,N.I,104,3,AIRE ACONDICIONADO CENTRAL-X070679941.xlsx,120,N.I,480,5,N.I,1,0000/00/00
462,tecam.jpg,AIRE ACONDICIONADO CENTRAL,TECAM,X064178355,N.I,N.I,104,3,AIRE ACONDICIONADO CENTRAL-X064178355.xlsx,120,N.I,480,5,N.I,1,0000/00/00
463,tecam.jpg,AIRE ACONDICIONADO CENTRAL,TECAM,X070679982,N.I,N.I,104,3,AIRE ACONDICIONADO CENTRAL-X070679982.xlsx,120,N.I,480,5,N.I,1,0000/00/00
464,tecam.jpg,AIRE ACONDICIONADO CENTRAL,TECAM,X07679913,N.I,N.I,104,3,AIRE ACONDICIONADO CENTRAL-X07679913.xlsx,120,N.I,480,5,N.I,1,0000/00/00
465,tecam.jpg,AIRE ACONDICIONADO CENTRAL,TECAM,X070679964,N.I,N.I,104,3,AIRE ACONDICIONADO CENTRAL-X070679964.xlsx,120,N.I,480,5,N.I,1,0000/00/00
466,tecam.jpg,AIRE ACONDICIONADO CENTRAL,TECAM,X070679923,N.I,N.I,104,3,AIRE ACONDICIONADO CENTRAL-X070679923.xlsx,120,N.I,480,5,N.I,1,0000/00/00
467,tecam.jpg,AIRE ACONDICIONADO CENTRAL,TECAM,X070679909,N.I,N.I,104,3,AIRE ACONDICIONADO CENTRAL-X070679909.xlsx,120,N.I,480,5,N.I,1,0000/00/00
468,tecam.jpg,AIRE ACONDICIONADO CENTRAL,TECAM,X070679916,N.I,N.I,104,3,AIRE ACONDICIONADO CENTRAL-X070679916.xlsx,120,N.I,480,5,N.I,1,0000/00/00
469,tecam.jpg,AIRE ACONDICIONADO CENTRAL,TECAM,X064178373,N.I,N.I,104,3,AIRE ACONDICIONADO CENTRAL-X064178373.xlsx,120,N.I,480,5,N.I,1,0000/00/00
470,tecam.jpg,AIRE ACONDICIONADO CENTRAL,TECAM,X072381164,N.I,N.I,104,3,AIRE ACONDICIONADO CENTRAL-X072381164.xlsx,120,N.I,480,5,N.I,1,0000/00/00
471,tecam.jpg,AIRE ACONDICIONADO CENTRAL,TECAM,X070679924,N.I,N.I,104,3,AIRE ACONDICIONADO CENTRAL-X070679924.xlsx,120,N.I,480,5,N.I,1,0000/00/00
472,tecam.jpg,AIRE ACONDICIONADO CENTRAL,TECAM,X070883578,N.I,N.I,104,3,AIRE ACONDICIONADO CENTRAL-X070883578.xlsx,120,N.I,480,5,N.I,1,0000/00/00
473,tecam.jpg,AIRE ACONDICIONADO CENTRAL,TECAM,X070579052,N.I,N.I,0,3,AIRE ACONDICIONADO CENTRAL-X070579052.xlsx,120,N.I,480,1,N.I,1,0000/00/00
474,tecam.jpg,AIRE ACONDICIONADO CENTRAL,TECAM,X070679974,N.I,N.I,104,3,AIRE ACONDICIONADO CENTRAL-X070679974.xlsx,120,N.I,480,5,N.I,1,0000/00/00
475,tecam.jpg,AIRE ACONDICIONADO CENTRAL,TECAM,X7010059,N.I,N.I,104,3,AIRE ACONDICIONADO CENTRAL-X7010059.xlsx,120,N.I,480,5,N.I,1,0000/00/00
476,tecam.jpg,AIRE ACONDICIONADO CENTRAL,TECAM,X070983914,N.I,N.I,104,3,AIRE ACONDICIONADO CENTRAL-X070983914.xlsx,120,N.I,480,5,N.I,1,0000/00/00
477,tecam.jpg,AIRE ACONDICIONADO CENTRAL,TECAM,X070679962,N.I,N.I,104,3,AIRE ACONDICIONADO CENTRAL-X070679962.xlsx,120,N.I,480,5,N.I,1,0000/00/00
478,tecam.jpg,AIRE ACONDICIONADO CENTRAL,TECAM,X070679935,N.I,N.I,104,3,AIRE ACONDICIONADO CENTRAL-X070679935.xlsx,120,N.I,480,5,N.I,1,0000/00/00
479,aire york 5t.jpg,AIRE ACONDICIONADO CENTRAL,YORK,WCB6928413,N.I,N.I,93,3,AIRE ACONDICIONADO CENTRAL-WCB6928413.xlsx,120,N.I,480,1,N.I,1,0000/00/00
480,aire york 5t.jpg,AIRE ACONDICIONADO CENTRAL,YORK,NOA6773700,N.I,N.I,93,3,AIRE ACONDICIONADO CENTRAL-NOA6773700.xlsx,120,N.I,480,1,N.I,1,0000/00/00
481,carrier 5toneladas.jpg,AIRE ACONDICIONADO CENTRAL,EQUIPRAC,T931616,N.I,N.I,105,3,AIRE ACONDICIONADO CENTRAL-T931616.xlsx,120,N.I,480,3,N.I,1,0000/00/00
482,carrier 5toneladas.jpg,AIRE ACONDICIONADO CENTRAL,EQUIPRAC,K944229,N.I,N.I,106,3,AIRE ACONDICIONADO CENTRAL-K944229.xlsx,120,N.I,480,3,N.I,1,0000/00/00
483,carrier 5toneladas.jpg,AIRE ACONDICIONADO CENTRAL,EQUIPRAC,K300045,N.I,N.I,106,3,AIRE ACONDICIONADO CENTRAL-K300045.xlsx,120,N.I,480,3,N.I,1,0000/00/00
484,starligh.jpg,AIRE ACONDICIONADO CENTRAL,STARLIGH,AOL6037871,N.I,N.I,111,3,AIRE ACONDICIONADO CENTRAL-AOL6037871.xlsx,120,N.I,480,2,N.I,1,0000/00/00
485,tecam.jpg,AIRE ACONDICIONADO CENTRAL,TECAM,513011,N.I,N.I,75,3,AIRE ACONDICIONADO CENTRAL-513011.xlsx,120,N.I,480,1,N.I,1,0000/00/00
486,aire york 5t.jpg,AIRE ACONDICIONADO CENTRAL,YORK,F982523,N.I,N.I,194,3,AIRE ACONDICIONADO CENTRAL-F982523.xlsx,120,N.I,480,1,N.I,1,0000/00/00
487,mtc.PNG,AIRE ACONDICIONADO CENTRAL,MTC,H80482749,N.I,N.I,140,3,AIRE ACONDICIONADO CENTRAL-H80482749.xlsx,120,N.I,480,1,N.I,1,0000/00/00
488,tecam.jpg,AIRE ACONDICIONADO CENTRAL,TECAM,D961213,N.I,N.I,127,3,AIRE ACONDICIONADO CENTRAL-D961213.xlsx,120,N.I,480,1,N.I,1,0000/00/00
489,tecam.jpg,AIRE ACONDICIONADO CENTRAL,TECAM,11060856,N.I,7EVPE20236-C,198,3,AIRE ACONDICIONADO CENTRAL-11060856.xlsx,120,N.I,480,1,N.I,1,0000/00/00
490,tecam.jpg,AIRE ACONDICIONADO CENTRAL,TECAM,8090979,N.I,N.I,137,3,AIRE ACONDICIONADO CENTRAL-8090979.xlsx,120,N.I,480,1,N.I,1,0000/00/00
491,tecam.jpg,AIRE ACONDICIONADO CENTRAL,TECAM,8090980,N.I,N.I,138,3,AIRE ACONDICIONADO CENTRAL-8090980.xlsx,120,N.I,480,1,N.I,1,0000/00/00
492,tecam.jpg,AIRE ACONDICIONADO CENTRAL,TECAM,8090981,N.I,N.I,139,3,AIRE ACONDICIONADO CENTRAL-8090981.xlsx,120,N.I,480,1,N.I,1,0000/00/00
493,mtc.PNG,AIRE ACONDICIONADO CENTRAL,MTC,EACA061706,N.I,N.I,136,3,AIRE ACONDICIONADO CENTRAL-EACA061706.xlsx,120,N.I,480,1,N.I,1,0000/00/00
494,N.I,AIRE ACONDICIONADO CENTRAL,N.I,3901E04202,N.I,N.I,108,3,AIRE ACONDICIONADO CENTRAL-3901E04202.xlsx,120,N.I,480,1,N.I,1,0000/00/00
495,tecam.jpg,AIRE ACONDICIONADO CENTRAL,TECAM,J943912,N.I,N.I,199,3,AIRE ACONDICIONADO CENTRAL-J943912.xlsx,120,N.I,480,1,N.I,1,0000/00/00
496,mtc.PNG,AIRE ACONDICIONADO CENTRAL,MTC,E942015,N.I,N.I,146,3,AIRE ACONDICIONADO CENTRAL-E942015.xlsx,120,N.I,480,5,N.I,1,0000/00/00
497,mtc.PNG,AIRE ACONDICIONADO CENTRAL,MTC,2080500428,N.I,N.I,146,3,AIRE ACONDICIONADO CENTRAL-2080500428.xlsx,120,N.I,480,5,N.I,1,0000/00/00
498,lennox serie t 5612k.jpg,AIRE ACONDICIONADO CENTRAL,LENNOX,5612K05024,N.I,N.I,36,3,AIRE ACONDICIONADO CENTRAL-5612K05024.xlsx,120,N.I,480,3,N.I,1,0000/00/00
499,BLUELINE.PNG,AIRE ACONDICIONADO CENTRAL,BLUELINE,MOV-60CR,N.I,N.I,172,3,AIRE ACONDICIONADO CENTRAL-MOV-60CR.xlsx,120,N.I,480,1,N.I,1,0000/00/00
500,trane.png,AIRE ACONDICIONADO CENTRAL,TRANE,12104PJAYA,N.I,N.I,172,3,AIRE ACONDICIONADO CENTRAL-12104PJAYA.xlsx,120,N.I,480,1,N.I,1,0000/00/00
501,carrier 5toneladas.jpg,AIRE ACONDICIONADO CENTRAL,CARRIER,0496G00036,N.I,N.I,172,3,AIRE ACONDICIONADO CENTRAL-0496G00036.xlsx,120,N.I,480,1,N.I,1,0000/00/00
502,trane.png,AIRE ACONDICIONADO CENTRAL,TRANE,13473J78TA,N.I,N.I,172,3,AIRE ACONDICIONADO CENTRAL-13473J78TA.xlsx,120,N.I,480,1,N.I,1,0000/00/00
503,lavadora milnor.jpg,LAVADORA N1,MILNOR,AAA02602739,N.I,208984,54,0,LAVADORA N1-AAA02602739.xlsx,120,N.I,N.I,2,N.I,1,0000/00/00
504,lavadora milnor.jpg,LAVADORA N3,MILNOR,AAA06027390,N.I,208983,54,0,LAVADORA N3-AAA06027390.xlsx,120,N.I,N.I,2,N.I,1,0000/00/00
505,secadora cissell.jpg,SECADORA N 1,CISSELL,2006067048,N.I,208986,54,0,SECADORA N 1-2006067048.xlsx,120,N.I,N.I,2,N.I,1,0000/00/00
506,secadora cissell.jpg,SECADORA N2,CISSELL,2006067049,N.I,208987,54,0,SECADORA N2-2006067049.xlsx,120,N.I,N.I,2,N.I,1,0000/00/00
507,secadora cissell.jpg,SECADORA N3,CISSELL,2006067050,N.I,208988,54,0,SECADORA N3-2006067050.xlsx,120,N.I,N.I,2,N.I,1,0000/00/00
508,prensa.jpg,PRENSA N2,N.I,3035,N.I,201554,54,0,PRENSA N2-3035.xlsx,120,N.I,N.I,2,N.I,1,0000/00/00
509,rodillo troy american.jpg,RODILLO TROY,N.I,220551,N.I,201555,54,0,RODILLO TROY-220551.xlsx,120,N.I,N.I,2,N.I,1,0000/00/00
510,rodillo chicago.jpg,RODILLO CHICAGO,N.I,54167,N.I,208989,54,0,RODILLO CHICAGO-54167.xlsx,120,N.I,N.I,2,N.I,1,0000/00/00
511,arezzo-n262l.jfif,Nevera,Icasa,G-061380750,N262,MYE001536,141,1,Nevera-G-061380750.xlsx,120,N.I,20,1,2 a 6,1,0000/00/00
512,philips3f1.jpg,Nevera,Philips,,3F-305,N.I,65,1,Nevera-.xlsx,120,N.I,20,2,2 a 6,1,0000/00/00
513,arezzo-n262l.jfif,Nevera,Arezzo,80873861,N262L,N.I,143,1,Nevera-80873861.xlsx,120,N.I,20,1,2 a 6,1,0000/00/00
514,friomix-ur-09.jpg,Nevera,Friomix,8.87E+11,UR09,MYE006159,77,1,Nevera-887111180166.xlsx,120,N.I,20,1,2 a 6,1,0000/00/00
515,friomix-ur-091.jpg,Nevera,Friomix,12-0073D,NEV-UNR09-D,MYE006263,127,"1
",Nevera-12-0073D.xlsx,120,N.I,20,3,2 a 6,1,0000/00/00
516,centrales_refrigerador2.jpg,Nevera,Centrales,350344910,CC265SULE3,N.I,139,1,Nevera-350344910.xlsx,120,N.I,20,5,2 a 6,1,0000/00/00
517,c4-refrigerador.JPG,Nevera,C4,711304,RB,N.I,172,1,Nevera-711304.xlsx,120,N.I,20,1,2 a 6,1,0000/00/00
518,congelador-panasonic.jpg,Congelador,Panasonic,N.I,N.I,N.I,172,1,Congelador-N.I.xlsx,120,N.I,20,1,2 a 6,1,0000/00/00
519,arezzo-n262l.jfif,Nevera,Icasa,J-061429935,N262,N.I,17,1,Nevera-J-061429935.xlsx,120,N.I,20,1,2 a 6,1,0000/00/00
520,arezzo-n262l.jfif,Nevera,Icasa,N.I,N.I,N.I,62,1,Nevera-N.I.xlsx,120,N.I,20,5,2 a 6,1,0000/00/00
521,N.I,Nevera,SWAN,9.20E+16,XLS150WX,N.I,140,1,Nevera-91978111240000000.xlsx,120,N.I,20,5,2 a 6,1,0000/00/00
522,maxi-288.jpg,Nevera,HACEB,1081189624,CONV MAXI288,N.I,14,1,Nevera-1081189624.xlsx,120,N.I,20,6,2 a 6,1,0000/00/00
523,MI87LIP-haceb.jpg,Nevera,HACEB,9005431,AS87L,MY00622,75,1,Nevera-9005431.xlsx,120,N.I,20,6,2 a 6,1,0000/00/00
524,friomix-ur-092.jpg,Nevera,Friomix,88711180183,UR09,MY006161,5,1,Nevera-88711180183.xlsx,120,N.I,20,6,2 a 6,1,0000/00/00
525,haceb ne-9.jfif,Nevera,HACEB,J930787330,NE-9,600125,188,1,Nevera-J930787330.xlsx,120,N.I,20,1,2 a 6,1,0000/00/00
526,haceb 46l.webp,Nevera,HACEB,9001601,46L,N.I,3,1,Nevera-9001601.xlsx,120,N.I,20,6,2 a 6,1,0000/00/00
527,MI87LIP-haceb.jpg,Nevera,HACEB,F-071158287,MI87LIP,N.I,13,1,Nevera-F-071158287.xlsx,120,N.I,20,6,2 a 6,1,0000/00/00
528,icasa-ATECONV257.jpg,Nevera,Icasa,K-061463655,ATECONV257,N.I,203,1,Nevera-K-061463655.xlsx,120,N.I,20,1,2 a 6,1,0000/00/00
529,vestfrost-VLS-200A.png,Refrigerador de Pared,VESTFROST,20163416485,VLS200,4546654,203,1,Refrigerador de Pared-20163416485.xlsx,120,N.I,20,1,2 a 6,1,0000/00/00
530,fogel-VE-13.jpg,Nevera,Fogel,121022742,LC-13-MA-LG-DE,N.I,45,1,Nevera-121022742.xlsx,120,N.I,20,7,2 a 6,1,0000/00/00
531,maxi-2881.jpg,Nevera,HACEB,E-081116929,CONVMAX1288,N.I,79,1,Nevera-E-081116929.xlsx,120,N.I,20,7,2 a 6,1,0000/00/00
532,arezzo-n262l.jfif,Nevera,Icasa,l-061424178,N262,700637,7,1,Nevera-l-061424178.xlsx,120,N.I,20,7,2 a 6,1,0000/00/00
533,MI87LIP-haceb.jpg,Nevera,HACEB,F-051202684,N87-CMI1PA,N.I,72,1,Nevera-F-051202684.xlsx,120,N.I,20,7,2 a 6,1,0000/00/00
534,electrolux-ERH34T3KQW.jpg,Nevera,ELECTROLUX,N.I,ERH34T3KQW,N.I,80,1,Nevera-N.I.xlsx,120,N.I,20,2,2 a 6,1,0000/00/00
535,friomix-ur-094.jpg,Nevera,Friomix,8.87E+11,NEV-VR09-D,MYEO06158,56,1,Nevera-887111180174.xlsx,120,N.I,20,3,2 a 6,1,0000/00/00
536,N.I,Nevera,HACEB,N.I,V700028,MYEO02357,105,1,Nevera-N.I.xlsx,120,N.I,20,1,2 a 6,1,0000/00/00
